<?xml version="1.0" encoding="UTF-8" ?>
<!DOCTYPE abatorConfiguration PUBLIC "-//Apache Software Foundation//DTD Abator for iBATIS Configuration 1.0//EN" "http://ibatis.apache.org/dtd/abator-config_1_0.dtd" >
<abatorConfiguration >
  <abatorContext >
	<property name="suppressDate" value="true"/>
	<property name="suppressAllComments" value="true"/>  
  	<commentGenerator>
  		<property name="suppressDate" value="true"/>
  		<property name="suppressAllComments" value="true"/>
  	</commentGenerator>  
    <jdbcConnection driverClass="oracle.jdbc.driver.OracleDriver" 
    	connectionURL="jdbc:oracle:thin:@10.148.73.30:1521:orcl" 
    	userId="melp_dev" password="melp_dev">
    	<classPathEntry location="/home/wesley/java/your-jar-repos/com/oracle/ojdbc14/10.2.0.4/ojdbc14-10.2.0.4.jar" />
    </jdbcConnection>
    
    <javaModelGenerator targetPackage="com.foxconn.gds.sce.melp.model" targetProject="MELP" />
    <sqlMapGenerator  targetPackage="sqlMap" targetProject="MELP/src/main/resources"/>
   
    <table tableName="C_EXAM_INFO_T"  domainObjectName="ExamInfo"/>
    <table tableName="C_EXAM_RESULTS_T"  domainObjectName="ExamResults"/>
    <table tableName="C_EXAM_ROOM_T"  domainObjectName="ExamRoom"/>
    <table tableName="C_OPTION_DETAIL_T"  domainObjectName="OptionDetail"/>
    <table tableName="C_PAPER_DETAIL_T"  domainObjectName="PaperDetail"/>
    <table tableName="C_PAPER_INFO_T"  domainObjectName="PaperInfo"/>
    <table tableName="C_QUESTION_LIB_T"  domainObjectName="QuestionLib"/>
    <table tableName="C_QUESTION_T"  domainObjectName="Question"/>
    <table tableName="C_QUES_DETAIL_T"  domainObjectName="QuestionDetail"/>    
    <table tableName="R_EXAMINEES_T"  domainObjectName="Examinees"/>    
    <table tableName="R_QUESTION_OPTIONS_T"  domainObjectName="QuestionOptions"/>
        
  </abatorContext>
</abatorConfiguration>
