<?xml version='1.0' encoding='utf-8'?>
<!DOCTYPE hibernate-configuration PUBLIC
        "-//Hibernate/Hibernate Configuration DTD 3.0//EN"
        "http://hibernate.sourceforge.net/hibernate-configuration-3.0.dtd">

<hibernate-configuration>

    <session-factory name="default">

        <!-- Database connection settings -->
        
        <!-- MyQL             
        <property name="dialect">org.hibernate.dialect.MySQLInnoDBDialect</property>
        <property name="connection.driver_class">com.mysql.jdbc.Driver</property>
        <property name="connection.url">jdbc:mysql://10.148.73.64:3306/melp</property>
        <property name="connection.username">root</property>
        <property name="connection.password">password</property>
        --> 
        <!-- Oracle  -->         
        <property name="dialect">org.hibernate.dialect.Oracle10gDialect</property>
        <property name="connection.driver_class">oracle.jdbc.driver.OracleDriver</property>
        <property name="connection.url">jdbc:oracle:thin:@10.148.73.46:1521:orcl</property>
        <property name="connection.username">melp_dev</property>
        <property name="connection.password">melp_dev</property>        
		   
		
        <!-- JDBC connection pool (use the built-in) -->
        <property name="connection.pool_size">1</property>


        <!-- Enable Hibernate's automatic session context management -->
        <property name="current_session_context_class">thread</property>

        <!-- Disable the second-level cache  -->
        <!--<property name="cache.provider_class">org.hibernate.cache.NoCacheProvider</property>-->
        <!-- <property name="cache.provider_class">com.foxconn.gds.sce.melp.support.cache.ExternalEhCacheProvider</property> -->

        <!-- Echo all executed SQL to stdout -->
        <property name="show_sql">true</property>
        <property name="format_sql">true</property>

        <!-- Drop and re-create the database schema on startup -->
        <property name="hbm2ddl.auto">create</property>

        <!-- mapping classes -->
        <mapping class="com.foxconn.gds.sce.melp.model.Organization"/>        
     	<mapping class="com.foxconn.gds.sce.melp.model.Role"/>
        <mapping class="com.foxconn.gds.sce.melp.model.RolePermission"/>
        <mapping class="com.foxconn.gds.sce.melp.model.User"/>
        <mapping class="com.foxconn.gds.sce.melp.model.Person"/>
        
        <mapping class="com.foxconn.gds.sce.melp.model.Party"/>        
        <mapping class="com.foxconn.gds.sce.melp.model.EmailAddress"/>
        <mapping class="com.foxconn.gds.sce.melp.model.PhoneNumber"/>
        <mapping class="com.foxconn.gds.sce.melp.model.PostalAddress"/>
                     
        <mapping class="com.foxconn.gds.sce.melp.model.SimsCalendar"/>                


    </session-factory>

</hibernate-configuration>
