<?xml version="1.0" encoding="UTF-8"?>

<beans xmlns="http://www.springframework.org/schema/beans"
	xmlns:xsi="http://www.w3.org/2001/XMLSchema-instance" xmlns:security="http://www.springframework.org/schema/security"
	xsi:schemaLocation="http://www.springframework.org/schema/beans
                           http://www.springframework.org/schema/beans/spring-beans-3.0.xsd
                           http://www.springframework.org/schema/security
                           http://www.springframework.org/schema/security/spring-security-3.0.xsd">


	<security:http auto-config="false" use-expressions="true" 
			entry-point-ref="authenticationProcessingFilterEntryPoint"
			access-decision-manager-ref="accessDecisionManager"  
			access-denied-page="/security/accessDenied.spr" >
		
		<security:custom-filter position="FORM_LOGIN_FILTER" ref="authenticationFilter" />
		
		<!-- 添加例外 -->
		<security:intercept-url pattern="/**/*.jpg" filters="none" />
		<security:intercept-url pattern="/**/*.png" filters="none" />
		<security:intercept-url pattern="/**/*.gif" filters="none" />		
		<security:intercept-url pattern="/**/*.css" filters="none" />		
		<security:intercept-url pattern="/**/*.js" filters="none" />	
			
		<security:intercept-url pattern="/**/*.xls" filters="none" />
		
		<!-- 统一拦截方案 -->
		<!-- Use IS_AUTHENTICATED_FULLY when you only require to validate that 
			a user is logged in. no permission is necessary -->
		 
		<!-- 	
		<security:intercept-url pattern="/welcome.spr"
			access="IS_AUTHENTICATED_FULLY" />

		<security:intercept-url pattern="/security/permissionCatalog.spr"  
			access="P_HOME_ACCESS" /> 
		-->
		
		<security:intercept-url pattern="/**.spr" />
		<!-- 
		<security:form-login login-processing-url="/login/auth.spr"
			login-page="/login/login.spr" 
			authentication-failure-url="/login/loginFailure.spr"
			default-target-url="/login/home.spr" />
 		-->			
		<security:logout logout-success-url="/login/logout.spr" />

			
		<security:session-management invalid-session-url="/index.spr">
			<security:concurrency-control max-sessions="1" expired-url="/security/sessionExpired.spr" />
		</security:session-management>	
				
		
	</security:http>
	
	<bean id="authenticationProcessingFilterEntryPoint"
	    class="org.springframework.security.web.authentication.LoginUrlAuthenticationEntryPoint">
	    <property name="loginFormUrl" value="/login/login.spr" />
	    <property name="forceHttps" value="false" />
	</bean>
	
	<bean id="authenticationFilter" class=
	    "org.springframework.security.web.authentication.UsernamePasswordAuthenticationFilter">
	    <property name="authenticationManager" ref="authenticationManager"/>
	    <property name="filterProcessesUrl" value="/j_spring_security_check"/>
	    <!-- 
	    <property name="sessionAuthenticationStrategy" ref="sas" />
	    -->    
	    <property name="authenticationFailureHandler" ref="failureHandler"/> 
	    <property name="authenticationSuccessHandler" ref="successHandler"/>
	</bean>
	
	<bean id="successHandler" class="com.foxconn.gds.sce.melp.security.AjaxAuthenticationSuccessHandler">
	    <property name="defaultTargetUrl" value="/welcome.spr"/>
	</bean>
	
	<bean id="failureHandler" class="com.foxconn.gds.sce.melp.security.AjaxAuthenticationFailureHandler">
	    <property name="defaultFailureUrl" value="/login/loginFailure.spr"/>
	</bean>
	
<!-- 
	<bean id="sas"
		class="org.springframework.security.web.authentication.session.ConcurrentSessionControlStrategy">
		<constructor-arg name="sessionRegistry" ref="sessionRegistry" />
		<property name="maximumSessions" value="1" />
	</bean>
	
	<bean id="sessionRegistry" class="org.springframework.security.core.session.SessionRegistryImpl" />
 -->	

	<!-- 认证配置, 使用userDetailsService提供的用户信息 -->
	<security:authentication-manager alias="authenticationManager">
		<security:authentication-provider user-service-ref="userDetailsService" />
	</security:authentication-manager>


	<!-- http://static.springsource.org/spring-security/site/xref/org/springframework/security/vote/ConsensusBased.html -->
	<!-- http://static.springsource.org/spring-security/site/xref/org/springframework/security/vote/AffirmativeBased.html -->
	<bean id="accessDecisionManager" class="org.springframework.security.access.vote.AffirmativeBased">
		<property name="decisionVoters">
			<list>
				<ref bean="rolePermissionVoter" />
				<!-- <bean class="org.springframework.security.access.vote.RoleVoter" /> -->
				<bean class="org.springframework.security.access.vote.AuthenticatedVoter" />
			</list>
		</property>
	</bean>

</beans>

