<?xml version="1.0" encoding="UTF-8"?>
<beans xmlns="http://www.springframework.org/schema/beans"
	xmlns:xsi="http://www.w3.org/2001/XMLSchema-instance" xmlns:context="http://www.springframework.org/schema/context"
	xsi:schemaLocation="http://www.springframework.org/schema/beans
           http://www.springframework.org/schema/beans/spring-beans-3.0.xsd
           http://www.springframework.org/schema/context
           http://www.springframework.org/schema/context/spring-context-3.0.xsd
           http://www.springframework.org/schema/util
           http://www.springframework.org/schema/util/spring-util-3.0.xsd"
	><!-- default-init-method="init" -->

	<context:annotation-config />
	<context:component-scan base-package="com.foxconn.gds.sce.melp" />

	<bean id="rootPlaceholderConfig"
		class="org.springframework.beans.factory.config.PropertyPlaceholderConfigurer">
		<property name="ignoreResourceNotFound" value="true" />
		<property name="locations">
			<list>
				<value>classpath*:melp.properties</value>
			</list>
		</property>
	</bean>
<!-- 
	<bean id="javaMailSender" class="org.springframework.mail.javamail.JavaMailSenderImpl">
		<property name="host" value="${melp.mail.host}" />
		<property name="port" value="${melp.mail.port}" />
		<property name="username" value="${melp.mail.username}" />
		<property name="password" value="${melp.mail.password}" />
		<property name="protocol" value="${melp.mail.protocol}" />
		<property name="javaMailProperties">
			<props>
				<prop key="mail.smtps.auth">true</prop>
				<prop key="mail.smtps.starttls.enable">true</prop>
				<prop key="mail.smtps.debug">true</prop>
			</props>
		</property>
	</bean>

	<bean id="velocityEngine"
		class="org.springframework.ui.velocity.VelocityEngineFactoryBean">
		<property name="velocityProperties">
			<value>
				resource.loader=class
				class.resource.loader.class=org.apache.velocity.runtime.resource.loader.ClasspathResourceLoader
			</value>
		</property>
	</bean>
-->
	<!-- ============================== CACHE ============================= -->
<!-- 
	<bean id="cacheManager"
		class="org.springframework.cache.ehcache.EhCacheManagerFactoryBean">
		<property name="shared" value="true" />
		<property name="configLocation" value="classpath:ehcache.xml" />
	</bean>

	<bean id="cacheProviderCacheManagerInjector"
		class="org.springframework.beans.factory.config.MethodInvokingFactoryBean">
		<property name="staticMethod"
			value="org.rbx.melp.support.cache.ExternalEhCacheProvider.setCacheManager" />
		<property name="arguments">
			<list>
				<ref bean="cacheManager" />
			</list>
		</property>
	</bean>
 -->
</beans>