<?xml version="1.0" encoding="UTF-8"?>
<beans xmlns="http://www.springframework.org/schema/beans"
	xmlns:xsi="http://www.w3.org/2001/XMLSchema-instance" xmlns:aop="http://www.springframework.org/schema/aop"
	xmlns:tx="http://www.springframework.org/schema/tx"
	xsi:schemaLocation="
        http://www.springframework.org/schema/beans http://www.springframework.org/schema/beans/spring-beans-3.0.xsd
        http://www.springframework.org/schema/tx http://www.springframework.org/schema/tx/spring-tx-3.0.xsd
        http://www.springframework.org/schema/aop http://www.springframework.org/schema/aop/spring-aop-3.0.xsd">


	<!-- Transaction Management -->
	<tx:annotation-driven transaction-manager="transactionManager" />

	<bean id="transactionManager"
		class="org.springframework.orm.hibernate3.HibernateTransactionManager">
		<property name="sessionFactory" ref="sessionFactory" />
		<property name="dataSource" ref="dataSource" />
	</bean>


	<!-- JDBC DataSource Settings -->
	<bean id="dataSource" class="com.mchange.v2.c3p0.ComboPooledDataSource"
		destroy-method="close">
		<property name="driverClass" value="${melp.jdbc.driver}" />
		<property name="jdbcUrl" value="${melp.jdbc.url}" />
		<property name="user" value="${melp.jdbc.username}" />
		<property name="password" value="${melp.jdbc.password}" />
		<property name="minPoolSize" value="${melp.jdbc.pool.minSize}" />
		<property name="idleConnectionTestPeriod" value="${melp.jdbc.pool.idleConnectionSeconds}" />
	</bean>


	<bean id="sessionFactory"
		class="org.springframework.orm.hibernate3.annotation.AnnotationSessionFactoryBean">
		<property name="dataSource" ref="dataSource" />
		<property name="hibernateProperties">
			<props>
				<prop key="hibernate.dialect">${melp.hibernate.dialect}</prop>
				<!-- <prop key="hibernate.cache.provider_class">${melp.hibernate.cache.provider}</prop> -->
				<prop key="hibernate.show_sql">${melp.hibernate.show_sql}</prop>
				<prop key="hibernate.format_sql">${melp.hibernate.format_sql}</prop>
				<prop key="hibernate.generate_statistics">${melp.hibernate.generate_statistics}</prop>
				<prop key="hibernate.cglib.use_reflection_optimizer">true</prop>
				<!--<prop key="hibernate.hbm2ddl.auto">create</prop> -->
				<prop key="hibernate.c3p0.min_size">${melp.hibernate.c3p0.min_size}</prop>
				<prop key="hibernate.c3p0.max_size">${melp.hibernate.c3p0.max_size}</prop>
				<prop key="hibernate.c3p0.timeout">${melp.hibernate.c3p0.timeout}</prop>
				<prop key="hibernate.c3p0.max_statements">${melp.hibernate.c3p0.max_statements}</prop>
			</props>
		</property>
		<property name="packagesToScan">
			<list>
				<value>com.foxconn.gds.sce.melp.model</value>
			</list>
		</property>
	</bean>

   	<!--	DAO Layer Generic Configuration	-->
	<bean id="finderIntroductionAdvisor"
		class="com.foxconn.gds.sce.melp.support.dao.finder.impl.FinderIntroductionAdvisor" />
	<bean id="extendedFinderNamingStrategy" 
		class="com.foxconn.gds.sce.melp.support.dao.finder.impl.ExtendedFinderNamingStrategy" />

	<bean id="abstractDaoTarget"
		class="com.foxconn.gds.sce.melp.support.dao.impl.GenericDaoHibernateImpl"
		abstract="true">
		<property name="sessionFactory">
			<ref bean="sessionFactory" />
		</property>
		<property name="namingStrategy">
			<ref bean="extendedFinderNamingStrategy" />
		</property>
	</bean>
	
	<bean id="abstractDao" class="org.springframework.aop.framework.ProxyFactoryBean"
		abstract="true">
		<property name="interceptorNames">
			<list>
				<value>finderIntroductionAdvisor</value>
			</list>
		</property>
	</bean>

	<!-- Sample Non-Implements DAO -->
	<bean id="sampleDao" parent="abstractDao">
		<property name="proxyInterfaces">
			<value>com.foxconn.gds.sce.melp.sample.dao.SampleDao</value>
		</property>
		<property name="target">
			<bean parent="abstractDaoTarget">
				<constructor-arg>
					<value>com.foxconn.gds.sce.melp.model.User</value>
				</constructor-arg>
			</bean>
		</property>
	</bean>	 
	
</beans>