<?xml version="1.0" encoding="UTF-8"?>
<beans xmlns="http://www.springframework.org/schema/beans"
	xmlns:xsi="http://www.w3.org/2001/XMLSchema-instance" xmlns:aop="http://www.springframework.org/schema/aop"
	xmlns:tx="http://www.springframework.org/schema/tx"
	xsi:schemaLocation="
        http://www.springframework.org/schema/beans http://www.springframework.org/schema/beans/spring-beans-3.0.xsd
        http://www.springframework.org/schema/tx http://www.springframework.org/schema/tx/spring-tx-3.0.xsd
        http://www.springframework.org/schema/aop http://www.springframework.org/schema/aop/spring-aop-3.0.xsd">


	<!-- Transaction Management -->
	<tx:annotation-driven transaction-manager="jdbcTransactionManager" />

	<bean id="jdbcTransactionManager" class="org.springframework.jdbc.datasource.DataSourceTransactionManager">
		<property name="dataSource" ref="dataSource"/>
	</bean>

	<!-- SqlMap setup for iBATIS Database Layer -->
	<bean id="sqlMapClient" class="org.springframework.orm.ibatis.SqlMapClientFactoryBean">
		<property name="configLocation" value="classpath:sql-map-config.xml"/>
		<property name="dataSource" ref="dataSource"/>
	</bean>

	<!-- JDBC DataSource Settings 
	<bean id="dataSource" class="com.mchange.v2.c3p0.ComboPooledDataSource"
		destroy-method="close">
		<property name="driverClass" value="${melp.jdbc.driver}" />
		<property name="jdbcUrl" value="${melp.jdbc.url}" />
		<property name="user" value="${melp.jdbc.username}" />
		<property name="password" value="${melp.jdbc.password}" />
		<property name="minPoolSize" value="${melp.jdbc.pool.minSize}" />
		<property name="idleConnectionTestPeriod" value="${melp.jdbc.pool.idleConnectionSeconds}" />
	</bean>
	-->


   	<!--	DAO Layer Generic Configuration	-->
	<alias name="finderIntroductionAdvisor" alias="finderIntroductionAdvisor4ibatis"/>
	<alias name="extendedFinderNamingStrategy" alias="extendedFinderNamingStrategy4ibatis"/>
	
	<bean id="abstractDaoTarget4ibatis"
		class="com.foxconn.gds.sce.melp.support.dao.impl.GenericDaoIbatisImpl"
		abstract="true">
		<property name="sqlMapClient">
			<ref bean="sqlMapClient" />
		</property>
		<property name="namingStrategy">
			<ref bean="extendedFinderNamingStrategy4ibatis" />
		</property>
	</bean>
	
	
	<bean id="abstractDao4ibatis" class="org.springframework.aop.framework.ProxyFactoryBean"
		abstract="true">
		<property name="interceptorNames">
			<list>
				<value>finderIntroductionAdvisor4ibatis</value>
			</list>
		</property>
	</bean>

	<!-- Non-Implements Sample DAO -->
	<bean id="sampleDao4ibatis" parent="abstractDao4ibatis">
		<property name="proxyInterfaces">
			<value>com.foxconn.gds.sce.melp.sample.dao.SampleDao</value>
		</property>
		<property name="target">
			<bean parent="abstractDaoTarget4ibatis">
				<constructor-arg>
					<value>com.foxconn.gds.sce.melp.model.User</value>
				</constructor-arg>
			</bean>
		</property>
	</bean>	 
	
	
</beans>