<?xml version="1.0" encoding="UTF-8"?>
<!DOCTYPE sqlMapConfig PUBLIC "-//iBATIS.com//DTD SQL Map Config 2.0//EN"
    "http://www.ibatis.com/dtd/sql-map-config-2.dtd">

<sqlMapConfig>
	<sqlMap resource="sqlMap/IbDownloadPaperDao.xml"/>
	<sqlMap resource="sqlMap/MyExamDao.xml"/>

	<sqlMap resource="sqlMap/User.xml" />
	<sqlMap resource="sqlMap/PaperInfo.xml" />

	<!--  <sqlMap resource="sqlMap/C_QUESTION_LIB_T_SqlMap.xml" />-->
	<!-- <sqlMap resource="sqlMap/ExamRoom.xml" />-->

	<sqlMap resource="sqlMap/ExamRoom.xml" />
	<sqlMap resource="sqlMap/ClassInfo.xml" />

	<sqlMap resource="sqlMap/ExamRoom_b.xml" />
	<sqlMap resource="sqlMap/Examniees_b.xml" />
	<sqlMap resource="sqlMap/Paper_b.xml" />
	<sqlMap resource="sqlMap/ExamResults.xml" />
	<sqlMap resource="sqlMap/Examinees.xml" />

	<sqlMap resource="sqlMap/QuestionLib.xml" />
	<sqlMap resource="sqlMap/Question.xml" />
	<sqlMap resource="sqlMap/QuestionOptions.xml" />	
	<sqlMap resource="sqlMap/MakeupInfo.xml" />
	<sqlMap resource="sqlMap/VO_QuestionOption_SqlMap.xml" />

	<sqlMap resource="sqlMap/FExamResult.xml"/>	

	<sqlMap resource="sqlMap/MELP_USER_SqlMap.xml" />
	
	<sqlMap resource="sqlMap/CourseInfo.xml" />

	<sqlMap resource="sqlMap/ClassManager.xml" />

	<sqlMap resource="sqlMap/EvaluationItems.xml" />
	<sqlMap resource="sqlMap/Questionnaires.xml" />
	<sqlMap resource="sqlMap/questionnaireStatistics.xml" />
    <sqlMap resource="sqlMap/Teacher.xml" />
    <sqlMap resource="sqlMap/StudyRecord.xml" />


	<!--  <sqlMap resource="sqlMap/C_QUESTION_T_SqlMap.xml" />		 -->
	<!--  <sqlMap resource="sqlMap/R_QUESTION_OPTIONS_T_SqlMap.xml" />-->



</sqlMapConfig>
