<?xml version="1.0" encoding="UTF-8"?>
<!DOCTYPE sqlMap PUBLIC "-//ibatis.apache.org//DTD SQL Map 2.0//EN" "http://ibatis.apache.org/dtd/sql-map-2.dtd">
<sqlMap namespace="TeachMgt">
	<select id="listCourseByEmpNo" parameterClass="java.lang.String" resultClass="com.foxconn.gds.sce.melp.model.MyClassInfo">
<![CDATA[	
SELECT *
  FROM (SELECT DISTINCT a.ID classid, a.class_no AS classno,
                        a.class_name classname,
                        b.courseware_url coursewareurl,
                        b.course_name coursename, b.course_type coursetype,
                        DECODE (c.emp_name, '', '無', c.emp_name) teacher,
                        b.course_hour coursehour, a.start_time starttime,
                        a.end_time endtime, b.ID, e.eva_times evatimes,
                        b.ev_settings evsettings, f.emp_no islearned
                   FROM c_class_t a JOIN c_course_info_t b
                        ON a.course_id = b.ID
                      AND a.is_enable = '1'
                      AND b.is_enable = '1'
                        LEFT JOIN c_teacher_t c
                        ON b.teacher_id = c.ID AND c.is_enable = '1'
                        JOIN c_class_member_t d
                        ON a.ID = d.class_id AND d.is_enable = '1'
                        LEFT JOIN r_eva_record e
                        ON a.ID = e.class_id
                      AND b.ID = e.course_id
                      AND e.is_enable = '1'
                      AND e.emp_no = UPPER (#empNo#)
                        LEFT JOIN c_learning_info_t f
                        ON a.ID = f.class_id
                      AND f.is_enable = '1'
                      AND f.emp_no = UPPER (#empNo#)
                  WHERE UPPER (d.emp_no) = UPPER (#empNo#)
                    AND SYSDATE < a.end_time + 1) h
 WHERE SYSDATE > h.starttime
 
]]>
	</select>
	<select id="listLearnRecordByEmpNo" parameterClass="java.lang.String" resultClass="com.foxconn.gds.sce.melp.model.MyClassInfo">
	SELECT a.class_no as classNo, a.class_name className,b.course_name courseName, 
       b.course_hour courseHour,c.START_TIME learnStartTime,c.END_TIME learnEndTime,
        TRUNC ((c.end_time - c.start_time) * 24 * 60 * 60 / 3600)
       || ':'
       || TRUNC (MOD ((c.end_time - c.start_time) * 24 * 60 * 60, 3600) / 60)
       ||':'
       || round(MOD (  (c.end_time - c.start_time) * 24 * 60 * 60
               - TRUNC ((c.end_time - c.start_time) * 24 * 60 * 60 / 3600) * 3600
               -   TRUNC (  MOD ((c.end_time - c.start_time) * 24 * 60 * 60, 3600)
                          / 60
                         )
                 * 60,
               60
              )) learnHour
       <!-- round((c.END_TIME-c.START_TIME)*24*60*60,0) learnHour modified by lyl-->
  FROM c_class_t a JOIN c_course_info_t b
       ON a.course_id = b.ID AND a.is_enable = '1' AND b.is_enable = '1'
       JOIN c_learnIng_info_t c ON a.ID = c.class_id AND c.is_enable = '1'
 WHERE upper(c.emp_no) = upper(#empNo#)
 order by c.START_TIME desc
	</select>
	<insert id="insertLearnRecord" parameterClass="java.util.Map">
	INSERT INTO c_learning_info_t
            (ID, class_id, emp_no, start_time,create_date,create_user,is_enable)
   SELECT #uuid#, a.ID, #empNo#, SYSDATE, SYSDATE,#empNo#,'1'
     FROM c_class_t a JOIN c_course_info_t b
          ON a.course_id = b.ID AND a.is_enable = '1' AND b.is_enable = '1'
          JOIN c_class_member_t c ON a.ID = c.class_id AND c.is_enable = '1'
    WHERE upper(c.emp_no) = upper(#empNo#)
      AND b.courseware_url =#coursewareUrl#
      AND a.class_no=#classNo#
	</insert>
	<update id="updateLearnRecord" parameterClass="java.util.Map">
	update c_learning_info_t d
	set end_time=SYSDATE
	where upper(emp_no)=upper(#empNo#)
	and class_id in (SELECT a.ID
     FROM c_class_t a JOIN c_course_info_t b
          ON a.course_id = b.ID AND a.is_enable = '1' AND b.is_enable = '1'
          JOIN c_class_member_t c ON a.ID = c.class_id AND c.is_enable = '1'
    WHERE upper(c.emp_no) = upper(#empNo#)
      AND b.courseware_url =#coursewareUrl#
      AND a.class_no=#classNo#)
      AND d.ID=#uuid#
      AND d.is_enable='1'
      
	</update>

</sqlMap>