<?xml version="1.0" encoding="UTF-8" ?>
<!DOCTYPE sqlMap
	PUBLIC "-//iBATIS.com//DTD SQL Map 2.0//EN"
		"http://www.ibatis.com/dtd/sql-map-2.dtd">

<sqlMap namespace="ClassManager">

<typeAlias alias="classInfo" type="com.foxconn.gds.sce.melp.model.ClassInfo" />
<typeAlias alias="classMember" type="com.foxconn.gds.sce.melp.model.ClassMember" />
	
    <select id="getAllClassInfo" parameterClass="java.util.Map" resultClass="classInfo">
  <!--  select
        a.id as classId,
        a.class_no as classNo,
        a.class_name as className,
        a.start_time as startTime,
        a.end_time as endTime,
        b.course_name as courseName,
        d.code_name as courseType,
        b.course_hour as courseHour,
        c.emp_name as teacherName,
          decode(e.class_id,'','0','1') as resultId
        from
        C_CLASS_T a,
        C_COURSE_INFO_T b,
        C_TEACHER_T c,
        C_BASE_CODE_T d,
         (select distinct class_id from C_EVALUATION_RESULT_T where is_enable = '1')e
        where
        a.course_id = b.id
        and
        b.teacher_id = c.id
        and
        b.course_type = d.id
        and
        a.is_enable = '1'
        and a.id=e.class_id(+)-->
        SELECT a.ID AS classid, a.class_no AS classno, a.class_name AS classname,
       a.start_time AS starttime, a.end_time AS endtime,
       b.course_name AS coursename, d.code_name AS coursetype,
       b.course_hour AS coursehour, c.emp_name AS teachername,
       DECODE (e.class_id, '', '0', '1') AS resultid
  FROM c_class_t a JOIN c_course_info_t b ON a.course_id = b.ID
       LEFT JOIN c_teacher_t c ON b.teacher_id = c.ID
       LEFT JOIN c_base_code_t d ON b.course_type = d.ID
       LEFT JOIN
       (SELECT DISTINCT class_id
                   FROM c_evaluation_result_t
                  WHERE is_enable = '1') e ON a.ID = e.class_id
 WHERE a.is_enable = '1'
    	<dynamic>
	  		  <isNotEmpty property="DT_USER" >
			  	 AND UPPER(a.CREATE_USER)=#DT_USER#
		   	  </isNotEmpty>
		  	  <isNotEmpty  property="DT_SEARCH">
			   and  ( 
			     a.CLASS_NO LIKE CONCAT('%', CONCAT(#DT_SEARCH#, '%'))
			    OR a.CLASS_NAME LIKE CONCAT('%', CONCAT(#DT_SEARCH#, '%'))
			    OR b.COURSE_NAME LIKE CONCAT('%', CONCAT(#DT_SEARCH#, '%'))
			    OR d.CODE_NAME LIKE CONCAT('%', CONCAT(#DT_SEARCH#, '%'))
			    OR c.EMP_NAME LIKE CONCAT('%', CONCAT(#DT_SEARCH#, '%'))
			    OR b.COURSE_HOUR LIKE CONCAT('%', CONCAT(#DT_SEARCH#, '%'))
			   	)
			   	</isNotEmpty>
			    <isNotEmpty property="DT_ORDER_COLUMN_SORT" >
				   	ORDER BY $DT_ORDER_COLUMN_SORT$
			   	</isNotEmpty>
 		  </dynamic>
    </select>
    
    <select id="getStudentListByClassId" parameterClass="java.util.Map" resultClass="classMember">
    	select 
		d.id  as id,  
		a.user_id as empNo,          
		a.username as userName,          
		a.dept_name as deptName,          
		b.name as roleName,
		e.class_name as className    
		from 
		MELP_USER a, 
		MELP_ROLE b, 
		MELP_USER_ROLE_MAPS c,
		C_CLASS_MEMBER_T d ,
		C_CLASS_T e   
		where 
		a.id = c.user_id      
		and 
		b.id = c.role_id      
		and 
		a.deleted = '0'
		and
		a.user_id = d.emp_no
		and
		d.class_id = e.id
		and
		d.is_enable = '1'
		and
		d.class_id = #classId#
		<dynamic>
		  	  <isNotEmpty  property="DT_SEARCH">
			   and  ( 
			     a.USER_ID LIKE CONCAT('%', CONCAT(#DT_SEARCH#, '%'))
			    OR a.USERNAME LIKE CONCAT('%', CONCAT(#DT_SEARCH#, '%'))
			    OR a.DEPT_NAME LIKE CONCAT('%', CONCAT(#DT_SEARCH#, '%'))
			    OR b.NAME LIKE CONCAT('%', CONCAT(#DT_SEARCH#, '%'))
			   	)
			   	</isNotEmpty>
			    <isNotEmpty property="DT_ORDER_COLUMN_SORT" >
				   	ORDER BY $DT_ORDER_COLUMN_SORT$
			   	</isNotEmpty>
 		  </dynamic>
    </select>
    
    <select id="getStudentCountByClassId" parameterClass="java.util.Map" resultClass="java.lang.Integer">
    	select
    	count(d.emp_no) as studentCount
    	from 
		MELP_USER a, 
		MELP_ROLE b, 
		MELP_USER_ROLE_MAPS c,
		C_CLASS_MEMBER_T d  
		where 
		a.id = c.user_id      
		and 
		b.id = c.role_id      
		and 
		a.deleted = '0'
		and
		a.user_id = d.emp_no
		and
		d.is_enable = '1'
    	and
    	d.class_id = #classId#
    	<dynamic>
		  	  <isNotEmpty  property="DT_SEARCH">
			   and  ( 
			     a.USER_ID LIKE CONCAT('%', CONCAT(#DT_SEARCH#, '%'))
			    OR a.USERNAME LIKE CONCAT('%', CONCAT(#DT_SEARCH#, '%'))
			    OR a.DEPT_NAME LIKE CONCAT('%', CONCAT(#DT_SEARCH#, '%'))
			    OR b.NAME LIKE CONCAT('%', CONCAT(#DT_SEARCH#, '%'))
			   	)
			   	</isNotEmpty>
			    <isNotEmpty property="DT_ORDER_COLUMN_SORT" >
				   	ORDER BY $DT_ORDER_COLUMN_SORT$
			   	</isNotEmpty>
 		  </dynamic>
    </select>
    
    <select id="checkClassInfo" parameterClass="java.util.Map" resultClass="classInfo">
    	<!-- select
    	a.id as classId,
    	a.class_no as classNo,
    	a.class_name as className,
    	a.start_time as startTime,
    	a.end_time as endTime,
    	b.id as courseId,
    	b.course_name as courseName,
    	d.code_name as courseType,
    	b.course_hour as courseHour,
    	b.courseware_url as coursewareUrl,
    	b.course_summary as courseSummary,
    	b.owner as owner,
    	b.owner_dept as ownerDept,
    	c.emp_name as teacherName
    	from
    	C_CLASS_T a,
    	C_COURSE_INFO_T b,
    	C_TEACHER_T c,
    	C_BASE_CODE_T d
    	where
    	a.course_id = b.id
    	and
    	b.teacher_id = c.id
    	and
    	b.course_type = d.id
    	and -->
    	SELECT a.ID AS classid, a.class_no AS classno, a.class_name AS classname,
       to_char(a.start_time,'yyyy/mm/dd') AS starttime, to_char(a.end_time,'yyyy/mm/dd') AS endtime, b.ID AS courseid,
       b.course_name AS coursename, d.code_name AS coursetype,
       b.course_hour AS coursehour, b.courseware_url AS coursewareurl,
       b.course_summary AS coursesummary, b.owner AS owner,
       b.owner_dept AS ownerdept, c.emp_name AS teachername
  FROM c_class_t a JOIN c_course_info_t b ON a.course_id = b.ID
       LEFT JOIN c_teacher_t c ON b.teacher_id = c.ID
       LEFT JOIN c_base_code_t d ON b.course_type = d.ID
    	where a.id = #classId#
    </select>
    
    <select id="getAllClassInfoCount" parameterClass="java.util.Map" resultClass="java.lang.Integer">
    	select
    	count(*) as myCount
    	from
    	C_CLASS_T a,
    	C_COURSE_INFO_T b,
    	C_TEACHER_T c,
    	C_BASE_CODE_T d
    	where
    	a.course_id = b.id
    	and
    	b.teacher_id = c.id
    	and
    	b.course_type = d.id
    	and
    	a.is_enable = '1'
    	<dynamic>
	  		  <isNotEmpty property="DT_USER" >
			  	 AND UPPER(a.CREATE_USER)=#DT_USER#
		   	  </isNotEmpty>
		  	  <isNotEmpty  property="DT_SEARCH">
			   and  ( 
			     a.CLASS_NO LIKE CONCAT('%', CONCAT(#DT_SEARCH#, '%'))
			    OR a.CLASS_NAME LIKE CONCAT('%', CONCAT(#DT_SEARCH#, '%'))
			    OR b.COURSE_NAME LIKE CONCAT('%', CONCAT(#DT_SEARCH#, '%'))
			    OR d.CODE_NAME LIKE CONCAT('%', CONCAT(#DT_SEARCH#, '%'))
			    OR c.EMP_NAME LIKE CONCAT('%', CONCAT(#DT_SEARCH#, '%'))
			    OR b.COURSE_HOUR LIKE CONCAT('%', CONCAT(#DT_SEARCH#, '%'))
			   	)
			   	</isNotEmpty>
 		  </dynamic>
    </select>
    
    <select id="isClassNoExist" parameterClass="java.util.Map" resultClass="java.lang.Integer">
    	select
    	count(id) as myCount
    	from
    	C_CLASS_T
    	where
    	class_no = #classNo#
    </select>
    
    <select id="isClassNoExistForUpdate" parameterClass="java.util.Map" resultClass="java.lang.Integer">
    	select
    	count(id) as myCount
    	from
    	C_CLASS_T
    	where
    	class_no = #classNo#
    	and
    	not exists(select class_no from C_CLASS_T where id = #classId#)
    </select>
    
    <insert id="saveClassInfo" parameterClass="classInfo">
    	insert 
    	into 
    	C_CLASS_T
    	(
    		id,class_no,class_name,course_id,start_time,
    		end_time,create_user,create_date,is_enable
    	)
    	values
    	(
    		#classId#,#classNo#,#className#,#courseId#,TO_DATE(#startTime#,'YYYY/MM/DD'),
    		TO_DATE(#endTime#,'YYYY/MM/DD'),#createUser#,sysdate,'1'
    	)
    </insert>
    
    <update id="updateClassInfo" parameterClass="java.util.Map">
    	update 
    	C_CLASS_T
    	set
    	class_no = #classNo#,
    	class_name = #className#,
    	course_id = #courseId#,
    	start_time = TO_DATE(#startTime#,'YYYY/MM/DD'),
    	end_time = TO_DATE(#endTime#,'YYYY/MM/DD'),
    	modify_user = #modifyUser#,
    	modify_date = sysdate
    	where
    	id = #classId#
    </update>
    
    <update id="deleteClassInfo" parameterClass="java.util.Map">
    	update 
    	C_CLASS_T
    	set
    	modify_user = #modifyUser#,
    	is_enable = '0'
    	where
    	id = #classId#
    </update>
    
    <insert id="addPersonToClass" parameterClass="classMember">
    	insert into
    	C_CLASS_MEMBER_T
    	(
    		id,class_id,emp_no,create_date,create_User,is_enable
    	)
    	values
    	(
    		#id#,#classId#,#empNo#,sysdate,#createUser#,'1'
    	)
    </insert>
    
    <update id="delClassMemberFromClass" parameterClass="classMember">
    	update 
    	C_CLASS_MEMBER_T
    	set
    	modify_user = #modifyUser#,
    	modify_date = sysdate,
    	is_enable = '0'
    	where
    	id = #id#
    	
    </update>
    
    <select id="getCourseInfoByCourseId" parameterClass="java.util.Map" resultClass="classInfo">
    <!-- 	select
    	a.course_name as courseName,
    	c.code_name as courseType,
    	a.course_hour as courseHour,
    	a.courseware_url as coursewareUrl,
    	a.course_summary as courseSummary,
    	a.owner as owner,
    	a.owner_dept as ownerDept,
    	b.emp_name as teacherName
    	from
    	C_COURSE_INFO_T a,
    	C_TEACHER_T b,
    	C_BASE_CODE_T c
    	where
    	a.teacher_id = b.id
    	and
    	a.course_type = c.id
    	and
    	a.id = #courseId#  modified by lyl-->
    	SELECT a.course_name AS coursename, c.code_name AS coursetype,
       a.course_hour AS coursehour, a.courseware_url AS coursewareurl,
       a.course_summary AS coursesummary, a.owner AS owner,
       a.owner_dept AS ownerdept, b.emp_name AS teachername
  FROM c_course_info_t a LEFT JOIN c_teacher_t b ON a.teacher_id = b.ID
       LEFT JOIN c_base_code_t c ON a.course_type = c.ID
 WHERE a.ID = #courseId#
    </select>
    
    <select id="getAutoClassNo" resultClass="classInfo">
    	select
    	class_no as classNo
		from
		c_class_t
		order by class_no desc
    </select>
    
    <select id="getCurrentDate" resultClass="java.lang.String">
    	select 	sysdate as currentDate 	from  dual
    </select>
    
</sqlMap>