<?xml version="1.0" encoding="UTF-8" ?>
<!DOCTYPE sqlMap PUBLIC "-//ibatis.apache.org//DTD SQL Map 2.0//EN" "http://ibatis.apache.org/dtd/sql-map-2.dtd" >
<sqlMap namespace="C_COURSE_INFO_T" >
  
  <typeAlias alias="courseInfo" type="com.foxconn.gds.sce.melp.model.CourseInfo"/>
  <typeAlias alias="baseCode" type="com.foxconn.gds.sce.melp.model.BaseCode"/>
  
  <sql id="courseInfoBaseSql">
  		 SELECT 
          A.ID as id,
          A.COURSE_NAME as courseName,
          A.COURSE_TYPE as courseType,
          A.TEACHER_ID as teacherId,
          B.EMP_NAME as empName,
          A.COURSE_HOUR as courseHour,
          A.OWNER as owner,
          A.OWNER_DEPT as ownerDept,
          A.EV_SETTINGS as evSettings,
          A.COURSE_SUMMARY as courseSummary,
          A.CREATE_DATE as createDate,
          A.CREATE_USER as createUser,
          A.MODIFY_DATE as modifyDate,
          A.MODIFY_USER as modifyUser,
          A.IS_ENABLE as isEnable,
          C.CODE_NAME as codeName,
          A.COURSEWARE_URL as coursewareUrl,
          decode(d.course_id,'','0','1') as resultId
          FROM 
          C_COURSE_INFO_T A,C_TEACHER_T B,C_BASE_CODE_T C,
        (select distinct course_id from C_EVALUATION_RESULT_T where is_enable = '1')D
          where
          A.TEACHER_ID = b.ID(+) AND A.COURSE_TYPE = C.ID AND A.IS_ENABLE='1' AND C.IS_ENABLE='1' and a.id=d.COURSE_ID(+)
  </sql>
  
  <select id="getCourseInfoList" parameterClass="Map" resultClass="courseInfo">
  		  <include refid="courseInfoBaseSql"/>
  		  <dynamic>
	  		  <isNotEmpty property="DT_USER" >
			  	 AND UPPER(A.CREATE_USER)=upper(#DT_USER#)
		   	  </isNotEmpty>
		  	  <isNotEmpty  property="DT_SEARCH">
			   and  ( 
			     A.COURSE_NAME LIKE CONCAT('%', CONCAT(#DT_SEARCH#, '%'))
			    OR C.CODE_NAME LIKE CONCAT('%', CONCAT(#DT_SEARCH#, '%'))
			    OR A.OWNER LIKE CONCAT('%', CONCAT(#DT_SEARCH#, '%'))
			    OR A.OWNER_DEPT LIKE CONCAT('%', CONCAT(#DT_SEARCH#, '%'))
			    OR B.EMP_NAME LIKE CONCAT('%', CONCAT(#DT_SEARCH#, '%'))
			    OR A.COURSE_HOUR LIKE CONCAT('%', CONCAT(#DT_SEARCH#, '%'))
			   	)
			   	</isNotEmpty>
			    <isNotEmpty property="DT_ORDER_COLUMN_SORT" >
				   	ORDER BY $DT_ORDER_COLUMN_SORT$
			   	</isNotEmpty>
 		  </dynamic>
  </select>
  
  <select id="getCourseInfoById" parameterClass="String" resultClass="courseInfo">
  		<include refid="courseInfoBaseSql"/>
  		AND A.ID = #id#
  </select>
  
  <select id="getCourseInfoListCount" parameterClass="Map" resultClass="Integer">
  		SELECT 
         count(*)
          FROM 
          C_COURSE_INFO_T A,C_TEACHER_T B,C_BASE_CODE_T C,
        (select distinct course_id from C_EVALUATION_RESULT_T where is_enable = '1')D
          where
          A.TEACHER_ID = b.ID(+) AND A.COURSE_TYPE = C.ID AND A.IS_ENABLE='1' AND C.IS_ENABLE='1' and a.id=d.COURSE_ID(+)
  		
          <dynamic>
          	   <isNotEmpty property="DT_USER" >
			  	 AND UPPER(A.CREATE_USER)=upper(#DT_USER#)
		   	  </isNotEmpty>
		  	  <isNotEmpty  property="DT_SEARCH">
			   and  ( 
			     A.COURSE_NAME LIKE CONCAT('%', CONCAT(#DT_SEARCH#, '%'))
			    OR C.CODE_NAME LIKE CONCAT('%', CONCAT(#DT_SEARCH#, '%'))
			    OR A.OWNER LIKE CONCAT('%', CONCAT(#DT_SEARCH#, '%'))
			    OR A.OWNER_DEPT LIKE CONCAT('%', CONCAT(#DT_SEARCH#, '%'))
			    OR B.EMP_NAME LIKE CONCAT('%', CONCAT(#DT_SEARCH#, '%'))
			    OR A.COURSE_HOUR LIKE CONCAT('%', CONCAT(#DT_SEARCH#, '%'))
			   	)
			   	</isNotEmpty>
 		  </dynamic>
  </select>
  
  <insert id="insertCourseInfo" parameterClass="courseInfo">
  	INSERT INTO C_COURSE_INFO_T(ID,COURSE_NAME,COURSE_TYPE,TEACHER_ID,
	COURSEWARE_URL,COURSE_HOUR,OWNER,OWNER_DEPT,EV_SETTINGS,COURSE_SUMMARY,
	CREATE_DATE,CREATE_USER,MODIFY_DATE,MODIFY_USER,IS_ENABLE)
	VALUES(#id#,#courseName#,#courseType#,#teacherId#,#coursewareUrl#,
	#courseHour#,#owner#,#ownerDept#,#evSettings#,#courseSummary#,SYSDATE,
	#createUser#,SYSDATE,#modifyUser#,'1')
  </insert>
  
  <update id="updateCourseInfo" parameterClass="courseInfo">
  	UPDATE C_COURSE_INFO_T set
	COURSE_NAME = #courseName#,
	COURSE_TYPE = #courseType#,
	TEACHER_ID = #teacherId#,
	COURSEWARE_URL = #coursewareUrl#,
	COURSE_HOUR = #courseHour#,
	OWNER = #owner#,
	OWNER_DEPT = #ownerDept#,
	EV_SETTINGS = #evSettings#,
	COURSE_SUMMARY = #courseSummary#,
	MODIFY_DATE = SYSDATE,
	MODIFY_USER = #modifyUser#
	WHERE
	ID = #id#
  </update>
  
  <select id="getCourseTypeSelect" resultClass="baseCode">
  	SELECT
	 ID as id,
	 CODE_NAME||'('||code_desc||')' as codeName
	 FROM
	 C_BASE_CODE_T
	 where
	 IS_ENABLE = '1'
	 AND CODE_TYPE = 'course_type'
  </select>
  
  <update id="deleteCourseInfoById" parameterClass="Map">
  	UPDATE
  	C_COURSE_INFO_T
  	SET IS_ENABLE = '0',MODIFY_USER = #updateUser#,MODIFY_DATE = SYSDATE
  	WHERE
  	ID IN
  	<iterate conjunction="," open="(" close=")" property="courseId">
  		#courseId[]#
  	</iterate>
  </update>
</sqlMap>