<?xml version="1.0" encoding="UTF-8" ?>
<!DOCTYPE sqlMap PUBLIC "-//ibatis.apache.org//DTD SQL Map 2.0//EN" "http://ibatis.apache.org/dtd/sql-map-2.dtd" >
<sqlMap namespace="C_COURSE_INFO_T">

	<typeAlias alias="evaluationItems"
		type="com.foxconn.gds.sce.melp.model.EvaluationItems" />

	<insert id="insertEvaluationItems" parameterClass="evaluationItems">
		INSERT INTO
		C_EVALUATION_ITEMS_T(ID,PART_NAME,CONTENT,COURSE_ID,CREATE_DATE,CREATE_USER,MODIFY_DATE,MODIFY_USER,IS_ENABLE,ITEM_ORDER)VALUES
		(#id#,#partName#,#content#,#courseId#,SYSDATE,#createUser#,SYSDATE,#modifyUser#,'1',#itemOrder#)
	</insert>
	<select id="getEvaluationItemsByCourseId" parameterClass="Map"
		resultClass="evaluationItems">
		SELECT
		ID as id,
		PART_NAME as partName,
		CONTENT as content,
		COURSE_ID as
		courseId,
		CREATE_DATE as createDate,
		CREATE_USER as createUser,
		MODIFY_DATE as modifyDate,
		MODIFY_USER as modifyUser,
		ITEM_ORDER as
		itemOrder
		FROM
		C_EVALUATION_ITEMS_T
		WHERE
		IS_ENABLE = '1'
		AND COURSE_ID = #courseId#
		AND CREATE_USER=#userid#
		<!-- AND CREATE_USER=decode( #courseId#,'0','Admin',CREATE_USER) -->
		ORDER BY ITEM_ORDER
	</select>
		<select id="getEvaluationItemsCount" parameterClass="Map"
		resultClass="java.lang.Integer">
		SELECT count(1)
		FROM
		C_EVALUATION_ITEMS_T
		WHERE
		IS_ENABLE = '1'
		AND COURSE_ID = #courseId#
		AND CREATE_USER=#userno#
	</select>
	
	<update id="deleteEvaluationItems" parameterClass="Map">
  		UPDATE
  		C_EVALUATION_ITEMS_T
  		SET
		IS_ENABLE = '0'
		WHERE
		COURSE_ID = #courseId#  	
  	</update>
</sqlMap>