<?xml version="1.0" encoding="UTF-8"?>
<!DOCTYPE sqlMap PUBLIC "-//ibatis.apache.org//DTD SQL Map 2.0//EN" "/sql-map-2.dtd">
<sqlMap namespace="C_EXAM_RESULTS_T">
<!-- 	<resultMap class="com.foxconn.gds.sce.melp.model.ExamResults"
		id="ExamResult">
		
	
		<result column="EXAM_ROOM_ID" jdbcType="VARCHAR" property="examRoomId" />
		<result column="EMP_NO" jdbcType="VARCHAR" property="empNo" />
		<result column="GET_SCORE" jdbcType="DECIMAL" property="getScore" />

		<result column="PAPER_NAME" jdbcType="VARCHAR" property="paperName" />
		<result column="TOTALSCORE" jdbcType="DECIMAL" property="totalScore" />
		<result column="PASS_SCORE" jdbcType="DECIMAL" property="passScore" />
		<result column="USERNAME" jdbcType="VARCHAR" property="empName" />
		<result column="PAPER_ID" jdbcType="VARCHAR" property="paperId" />
	</resultMap> -->
<!-- 	<select id="selectByCondition" parameterClass="com.foxconn.gds.sce.melp.model.ExamResults"
	resultMap="ExamResult">
	
SELECT A.EXAM_ROOM_ID, B.PAPER_NAME,
       (  B.NUMBER_S * B.SCORE_S
        + B.NUMBER_M * B.SCORE_M
        + B.NUMBER_TF * B.SCORE_TF
       ) AS TOTALSCORE,
       B.PASS_SCORE, A.EMP_NO, C.USERNAME, A.GET_SCORE, A.PAPER_ID
  FROM C_EXAM_RESULTS_T A JOIN C_PAPER_INFO_T B ON A.PAPER_ID = B.ID
       JOIN MELP_USER C ON C.USER_ID = A.EMP_NO
	<dynamic prepend="where">
		<isNotNull property="paperName">
			<isNotEmpty property="paperName" prepend="and">
				b.PAPER_NAME=#paperName# or b.PAPER_NAME like #paperName# || '%'
			</isNotEmpty>
		</isNotNull>
		<isNotNull property="empNo">
			<isNotEmpty property="empNo" prepend="and">
				c.USER_ID=#empNo# or c.USER_ID like #empNo# || '%'
			</isNotEmpty>
		</isNotNull>
		<isNotNull property="userName">
			<isNotEmpty property="userName" prepend="and">
				c.USERNAME=#userName# or c.USERNAME like #userName# || '%'
			</isNotEmpty>
		</isNotNull>

	</dynamic>
	order by a.EXAM_ROOM_ID DESC
</select> -->

	<sql id="ExamResults.listWithUser_fragment">
from 
    C_PAPER_DETAIL_T a,
    melp_user b,
    C_PAPER_INFO_T c,
    C_EXAM_RESULTS_T d
    where upper(a.emp_no)=upper(b.USER_ID)
      and a.paper_id = c.id
      and d.PAPER_ID = a.paper_id  
      and d.EXAM_ROOM_ID = a.EXAM_ROOM_ID
      and a.id=d.id
      and upper(d.EMP_NO) = upper(a.EMP_NO)
      and upper(d.EMP_NO) = upper(b.USER_ID)
      and a.IS_ENABLE='1'
      and c.IS_ENABLE='1'
      and c.IS_ENABLE='1'
  	<dynamic>
  		<isNotEmpty property="DT_SEARCH">
	   	and (c.paper_name LIKE CONCAT('%', CONCAT(#DT_SEARCH#, '%'))
	   	OR a.EMP_NO LIKE CONCAT('%', CONCAT(#DT_SEARCH#, '%'))
	   	OR b.USERNAME LIKE CONCAT('%', CONCAT(#DT_SEARCH#, '%')))
	   	</isNotEmpty>
	   	<isNotNull property="manager">
	   	and c.CREATEOR=#creator#
	   	</isNotNull>
	</dynamic>	    
  </sql>  
  <select id="ExamResults.listWithUser" parameterClass="java.util.Map"
	resultClass="java.util.HashMap">

select a.id as PAPERDETAILID,a.EXAM_ROOM_ID,a.paper_id,c.PAPER_NAME,a.START_TIME,a.END_TIME,
	    	d.get_score,a.EMP_NO,b.username,c.PASS_SCORE,c.TIME_TOTAL,(c.NUMBER_S*c.SCORE_S+c.NUMBER_M*c.SCORE_M+c.NUMBER_TF*c.SCORE_TF) AS TOTAL_SCORE,
	    	c.NUMBER_S,c.NUMBER_M,c.NUMBER_TF,c.SCORE_S,c.SCORE_M,c.SCORE_TF,c.NUMBER_S*c.SCORE_S sTotal,c.NUMBER_M*c.SCORE_M mTotal,c.NUMBER_TF*c.SCORE_TF tfTotal
	<include refid="ExamResults.listWithUser_fragment"/>
	<dynamic>
<!-- ORDER BY 語句內 取參數值，用$...$夾住 -->	
	   	<isNotEmpty property="DT_ORDER_COLUMN_SORT" >
		   	ORDER BY $DT_ORDER_COLUMN_SORT$
	   	</isNotEmpty>	
	</dynamic>
  </select>
  <select id="ExamResults.listWithUser_count" parameterClass="java.util.Map" resultClass="java.lang.Integer">
	 SELECT COUNT(*) AS COUNT
	<include refid="ExamResults.listWithUser_fragment"/>
  </select>  	
</sqlMap>