<?xml version="1.0" encoding="UTF-8"?>
<!DOCTYPE sqlMap PUBLIC "-//ibatis.apache.org//DTD SQL Map 2.0//EN" "http://ibatis.apache.org/dtd/sql-map-2.dtd">
<sqlMap namespace="roomRecord_b">

	<!-- WHERE BY 語句內 取參數值，用#...#獲住 -->
	<sql id="roomRecord_b.list_fragment">
		from c_exam_room_t a,
		c_paper_info_t b
		where a.paper_id=b.id and a.is_enable='1' and b.is_enable='1'
		<dynamic>
			<isNotEmpty property="DT_SEARCH">
				and paper_name LIKE CONCAT('%', CONCAT(#DT_SEARCH#, '%'))
			</isNotEmpty>
						<isNotEmpty property="DT_USER">
				and CREATOR =#DT_USER#
			</isNotEmpty>
		</dynamic>
	</sql>
	<select id="roomRecord_b.list" parameterClass="java.util.Map"
		resultClass="java.util.HashMap">
		<!-- select a.id as ID,a.start_time as START_TIME,a.room as ROOM,a.is_sync
		as IS_SYNC,b.paper_name as PAPER_NAME modified by lyl 20120903-->
		select a.id as ID,a.start_time as START_TIME,
		TO_CHAR (A.START_TIME, 'yyyy/mm/dd')
       || ' ~ '
       || TO_CHAR (NVL (A.END_TIME, A.START_TIME), 'yyyy/mm/dd')
                                                                AS STUDY_TIME,
		a.room as ROOM,a.is_sync as IS_SYNC,b.paper_name as PAPER_NAME
		<include refid="roomRecord_b.list_fragment" />
		<dynamic>
			<!-- ORDER BY 語句內 取參數值，用$...$夾住 -->
			<isNotEmpty property="DT_ORDER_COLUMN_SORT">
				ORDER BY $DT_ORDER_COLUMN_SORT$
			</isNotEmpty>
		</dynamic>
	</select>
	<select id="roomRecord_b.list_count" parameterClass="java.util.Map"
		resultClass="java.lang.Integer">
		SELECT COUNT(*) AS COUNT
		<include refid="roomRecord_b.list_fragment" />
	</select>


</sqlMap>