<?xml version="1.0" encoding="UTF-8" ?>
<!DOCTYPE sqlMap PUBLIC "-//ibatis.apache.org//DTD SQL Map 2.0//EN" "http://ibatis.apache.org/dtd/sql-map-2.dtd" >
<sqlMap namespace="R_EXAMINEES_T" >
  <resultMap id="abatorgenerated_ExamineesResult_all" class="com.foxconn.gds.sce.melp.model.Examinees" >
    <!--
      WARNING - This element is automatically generated by Abator for iBATIS, do not modify.
    -->
    <result column="ID" property="id" jdbcType="CHAR" />
    <result column="EXAM_ROOM_ID" property="examRoomId" jdbcType="VARCHAR" />
    <result column="EMP_NO" property="empNo" jdbcType="VARCHAR" />
    <result column="STATUS" property="status" jdbcType="CHAR" />
    <result column="CREATE_DATE" property="createDate" jdbcType="DATE" />
    <result column="CREATOR" property="creator" jdbcType="VARCHAR" />
    <result column="MODIFY_DATE" property="modifyDate" jdbcType="DATE" />
    <result column="MODIFIER" property="modifier" jdbcType="VARCHAR" />
    <result column="IS_ENABLE" property="isEnable" jdbcType="CHAR" />
    <result column="DEPT_NAME" property="deptName" jdbcType="VARCHAR" />
    <result column="USERNAME" property="empName" jdbcType="VARCHAR" />
  </resultMap> 
  
  <resultMap id="abatorgenerated_ExamineesResult_part" class="com.foxconn.gds.sce.melp.model.Examinees" >
    <result column="EMP_NO" property="empNo" jdbcType="VARCHAR" />
    <result column="STATUS" property="status" jdbcType="CHAR" />
    <result column="DEPT_NAME" property="deptName" jdbcType="VARCHAR" />
    <result column="USERNAME" property="empName" jdbcType="VARCHAR" />
  </resultMap> 
  
   <resultMap id="examineesByRoomMap" class="com.foxconn.gds.sce.melp.model.Examinees" >
    <!--
      WARNING - This element is automatically generated by Abator for iBATIS, do not modify.
    -->
    <result column="ID" property="id" jdbcType="CHAR" />
    <result column="EXAM_ROOM_ID" property="examRoomId" jdbcType="VARCHAR" />
    <result column="EMP_NO" property="empNo" jdbcType="VARCHAR" />
    <result column="DEPT_NAME" property="deptName" jdbcType="VARCHAR" />
    <result column="USER_NAME" property="empName" jdbcType="VARCHAR" />
    <result column="ROLE_NAME" property="roleName" jdbcType="VARCHAR" />
    
  </resultMap> 
  
  <typeAlias alias="examinees" type="com.foxconn.gds.sce.melp.model.Examinees"/>
  
  <select id="select _by_roomId" resultMap="abatorgenerated_ExamineesResult_part"  parameterClass="examinees" >
    select a.emp_no as EMP_NO,b.username as USERNAME,b.DEPT_NAME as DEPT_NAME,a.status as STATUS
    from r_examinees_t a,
         melp_user b
         where  a.emp_no = b.user_id
           and a.is_enable='1'
           and a.EXAM_ROOM_ID=#examRoomId#
           <dynamic>
	    		<isNotEmpty  property="empNo">
	    			and upper(emp_no) LIKE CONCAT('%', CONCAT(upper(#empNo#), '%'))
	    		</isNotEmpty>
	    		<isNotEmpty  property="empName">
	    			and username LIKE CONCAT('%', CONCAT(#username#, '%'))
	    		</isNotEmpty>
 			</dynamic>
  </select>  
  
  <update id= "update_examinees" parameterClass= "examinees">
	update r_examinees_t set status=#status#,MODIFIER=#modifier#,MODIFY_DATE=sysdate
	where EXAM_ROOM_ID=#examRoomId# and emp_no=#empNo# and IS_ENABLE='1'
  </update> 
  
  <insert id="insert_examinees" parameterClass="examinees">
   INSERT INTO R_EXAMINEES_T(EXAM_ROOM_ID,EMP_NO,CREATOR) VALUES(#examRoomId#,#empNo#,#creator#)
  </insert>
   <sql id="examinees_fragment">
    FROM R_EXAMINEES_T C
       LEFT JOIN
       (SELECT A.USER_ID AS USER_ID, A.USERNAME AS USER_NAME,
               A.DEPT_NAME AS DEPT_NAME, B.NAME AS ROLE_NAME
          FROM MELP_USER A, MELP_ROLE B, MELP_USER_ROLE_MAPS C
         WHERE A.ID = C.USER_ID AND B.ID = C.ROLE_ID) D ON C.EMP_NO =D.USER_ID
 WHERE IS_ENABLE = '1' AND EXAM_ROOM_ID=#DT_ROOMID#
        <isNotEmpty property="DT_SEARCH">
	    AND ( 
	     EMP_NO LIKE CONCAT('%', CONCAT(#DT_SEARCH#, '%'))
	    OR USER_NAME LIKE CONCAT('%', CONCAT(#DT_SEARCH#, '%'))
	    OR DEPT_NAME LIKE CONCAT('%', CONCAT(#DT_SEARCH#, '%'))
	    OR ROLE_NAME LIKE CONCAT('%', CONCAT(#DT_SEARCH#, '%'))
	   	)
	   	</isNotEmpty>
   </sql>
  <select id="select_examineesBy" parameterClass="java.util.Map" resultMap="examineesByRoomMap">
  SELECT ID, EXAM_ROOM_ID, EMP_NO, USER_NAME, DEPT_NAME, ROLE_NAME
     <include refid="examinees_fragment"/>
  </select>
  <select id="count_examineesBy" parameterClass="java.util.Map" resultClass="java.lang.Integer">
    SELECT COUNT(*)
     <include refid="examinees_fragment"/>
  </select>
  <update id="delete_examineesBy" parameterClass="examinees">
   UPDATE R_EXAMINEES_T SET IS_ENABLE='0',MODIFIER=#modifier#,MODIFY_DATE=SYSDATE WHERE ID=#id#
  </update>
</sqlMap>