<?xml version="1.0" encoding="UTF-8"?>
<!DOCTYPE sqlMap PUBLIC "-//ibatis.apache.org//DTD SQL Map 2.0//EN" "/sql-map-2.dtd">
<sqlMap namespace="Examniees_b">
	<select id="listExamniees" parameterClass="java.util.Map"
		resultClass="java.util.HashMap">
		select a.emp_no as EMP_NO,b.username as USERNAME,b.DEPT_NAME as
		DEPT_NAME,a.status as STATUS
		from r_examinees_t a,
		melp_user b
		where
		a.emp_no = b.user_id
		and a.is_enable='1'
		and a.EXAM_ROOM_ID=#examRoomId#
		<dynamic>
			<isNotEmpty prepend="and" property="DT_SEARCH">
				emp_no LIKE CONCAT('%',
				CONCAT(#DT_SEARCH#, '%'))
			</isNotEmpty>
			<isNotEmpty prepend="and" property="DT_SEARCH">
				username LIKE
				CONCAT('%', CONCAT(#DT_SEARCH#, '%'))
			</isNotEmpty>
			<isNotEmpty property="DT_ORDER_COLUMN_SORT">
				ORDER BY $DT_ORDER_COLUMN_SORT$
			</isNotEmpty>
		</dynamic>
	</select>
	<select id="countExamniees" parameterClass="java.util.Map"
		resultClass="java.lang.Integer">
		select count(*)
		from r_examinees_t a,
		melp_user b
		where
		a.emp_no =
		b.user_id
		and a.is_enable='1'
		and a.EXAM_ROOM_ID=#examRoomId#
		<dynamic>
			<isNotEmpty prepend="and" property="DT_SEARCH">
				emp_no LIKE CONCAT('%',
				CONCAT(#DT_SEARCH#, '%'))
			</isNotEmpty>
			<isNotEmpty prepend="and" property="DT_SEARCH">
				username LIKE
				CONCAT('%', CONCAT(#DT_SEARCH#, '%'))
			</isNotEmpty>
			<isNotEmpty property="DT_ORDER_COLUMN_SORT">
				ORDER BY $DT_ORDER_COLUMN_SORT$
			</isNotEmpty>
		</dynamic>
	</select>
</sqlMap>