<?xml version="1.0" encoding="UTF-8"?>
<!DOCTYPE sqlMap PUBLIC "-//ibatis.apache.org//DTD SQL Map 2.0//EN" "http://ibatis.apache.org/dtd/sql-map-2.dtd">
<sqlMap namespace="C_EXAM_INFO_T">
  <resultMap class="com.foxconn.gds.sce.melp.model.ExamInfo" id="abatorgenerated_ExamInfoResult">
    <!--
      WARNING - This element is automatically generated by Abator for iBATIS, do not modify.
    -->
    <result column="ID" jdbcType="CHAR" property="id" />
    <result column="PAPER_ID" jdbcType="CHAR" property="paperId" />
    <result column="EXAM_ROOM_ID" jdbcType="CHAR" property="examRoomId" />
    <result column="EMP_NO" jdbcType="VARCHAR" property="empNo" />
    <result column="EMAM_TIMES" jdbcType="DECIMAL" property="examTimes" />
    <result column="ADD_TIMES" jdbcType="DECIMAL" property="addTimes" />
    <result column="CREATE_DATE" jdbcType="DATE" property="createDate" />
    <result column="CREATOR" jdbcType="VARCHAR" property="creator" />
    <result column="MODIFY_DATE" jdbcType="DATE" property="modifyDate" />
    <result column="MODIFIER" jdbcType="VARCHAR" property="modifier" />
    <result column="IS_ENABLE" jdbcType="CHAR" property="isEnable" />
  </resultMap>
  <sql id="abatorgenerated_Example_Where_Clause">
    <!--
      WARNING - This element is automatically generated by Abator for iBATIS, do not modify.
    -->
    <iterate conjunction="or" prepend="where" property="oredCriteria" removeFirstPrepend="iterate">
      <isEqual compareValue="true" property="oredCriteria[].valid">
        (
        <iterate conjunction="and" prepend="and" property="oredCriteria[].criteriaWithoutValue">
          $oredCriteria[].criteriaWithoutValue[]$
        </iterate>
        <iterate conjunction="and" prepend="and" property="oredCriteria[].criteriaWithSingleValue">
          $oredCriteria[].criteriaWithSingleValue[].condition$
            #oredCriteria[].criteriaWithSingleValue[].value#
        </iterate>
        <iterate conjunction="and" prepend="and" property="oredCriteria[].criteriaWithListValue">
          $oredCriteria[].criteriaWithListValue[].condition$
          <iterate close=")" conjunction="," open="(" property="oredCriteria[].criteriaWithListValue[].values">
            #oredCriteria[].criteriaWithListValue[].values[]#
          </iterate>
        </iterate>
        <iterate conjunction="and" prepend="and" property="oredCriteria[].criteriaWithBetweenValue">
          $oredCriteria[].criteriaWithBetweenValue[].condition$
          #oredCriteria[].criteriaWithBetweenValue[].values[0]# and
          #oredCriteria[].criteriaWithBetweenValue[].values[1]#
        </iterate>
        )
      </isEqual>
    </iterate>
  </sql>
  <select id="abatorgenerated_selectByPrimaryKey" parameterClass="com.foxconn.gds.sce.melp.model.ExamInfo" resultMap="abatorgenerated_ExamInfoResult">
    <!--
      WARNING - This element is automatically generated by Abator for iBATIS, do not modify.
    -->
    select ID, PAPER_ID, EXAM_ROOM_ID, EMP_NO, EMAM_TIMES, ADD_TIMES, CREATE_DATE, CREATOR,
      MODIFY_DATE, MODIFIER, IS_ENABLE
    from C_EXAM_INFO_T
    where ID = #id:CHAR#
  </select>
  <select id="abatorgenerated_selectByExample" parameterClass="com.foxconn.gds.sce.melp.model.ExamInfoExample" resultMap="abatorgenerated_ExamInfoResult">
    <!--
      WARNING - This element is automatically generated by Abator for iBATIS, do not modify.
    -->
    select ID, PAPER_ID, EXAM_ROOM_ID, EMP_NO, EMAM_TIMES, ADD_TIMES, CREATE_DATE, CREATOR,
      MODIFY_DATE, MODIFIER, IS_ENABLE
    from C_EXAM_INFO_T
    <isParameterPresent>
      <include refid="C_EXAM_INFO_T.abatorgenerated_Example_Where_Clause" />
      <isNotNull property="orderByClause">
        order by $orderByClause$
      </isNotNull>
    </isParameterPresent>
  </select>
  <delete id="abatorgenerated_deleteByPrimaryKey" parameterClass="com.foxconn.gds.sce.melp.model.ExamInfo">
    <!--
      WARNING - This element is automatically generated by Abator for iBATIS, do not modify.
    -->
    delete from C_EXAM_INFO_T
    where ID = #id:CHAR#
  </delete>
  <delete id="abatorgenerated_deleteByExample" parameterClass="com.foxconn.gds.sce.melp.model.ExamInfoExample">
    <!--
      WARNING - This element is automatically generated by Abator for iBATIS, do not modify.
    -->
    delete from C_EXAM_INFO_T
    <include refid="C_EXAM_INFO_T.abatorgenerated_Example_Where_Clause" />
  </delete>
  <insert id="abatorgenerated_insert" parameterClass="com.foxconn.gds.sce.melp.model.ExamInfo">
    <!--
      WARNING - This element is automatically generated by Abator for iBATIS, do not modify.
    -->
    insert into C_EXAM_INFO_T (ID, PAPER_ID, EXAM_ROOM_ID, EMP_NO, EMAM_TIMES, ADD_TIMES,
      CREATE_DATE, CREATOR, MODIFY_DATE, MODIFIER, IS_ENABLE)
    values (#id:CHAR#, #paperId:CHAR#, #examRoomId:CHAR#, #empNo:VARCHAR#, #examTimes:DECIMAL#,
      #addTimes:DECIMAL#, #createDate:DATE#, #creator:VARCHAR#, #modifyDate:DATE#,
      #modifier:VARCHAR#, #isEnable:CHAR#)
  </insert>
  <update id="abatorgenerated_updateByPrimaryKey" parameterClass="com.foxconn.gds.sce.melp.model.ExamInfo">
    <!--
      WARNING - This element is automatically generated by Abator for iBATIS, do not modify.
    -->
    update C_EXAM_INFO_T
    set PAPER_ID = #paperId:CHAR#,
      EXAM_ROOM_ID = #examRoomId:CHAR#,
      EMP_NO = #empNo:VARCHAR#,
      EMAM_TIMES = #examTimes:DECIMAL#,
      ADD_TIMES = #addTimes:DECIMAL#,
      CREATE_DATE = #createDate:DATE#,
      CREATOR = #creator:VARCHAR#,
      MODIFY_DATE = #modifyDate:DATE#,
      MODIFIER = #modifier:VARCHAR#,
      IS_ENABLE = #isEnable:CHAR#
    where ID = #id:CHAR#
  </update>
  <update id="abatorgenerated_updateByPrimaryKeySelective" parameterClass="com.foxconn.gds.sce.melp.model.ExamInfo">
    <!--
      WARNING - This element is automatically generated by Abator for iBATIS, do not modify.
    -->
    update C_EXAM_INFO_T
    <dynamic prepend="set">
      <isNotNull prepend="," property="paperId">
        PAPER_ID = #paperId:CHAR#
      </isNotNull>
      <isNotNull prepend="," property="examRoomId">
        EXAM_ROOM_ID = #examRoomId:CHAR#
      </isNotNull>
      <isNotNull prepend="," property="empNo">
        EMP_NO = #empNo:VARCHAR#
      </isNotNull>
      <isNotNull prepend="," property="examTimes">
        EMAM_TIMES = #examTimes:DECIMAL#
      </isNotNull>
      <isNotNull prepend="," property="addTimes">
        ADD_TIMES = #addTimes:DECIMAL#
      </isNotNull>
      <isNotNull prepend="," property="createDate">
        CREATE_DATE = #createDate:DATE#
      </isNotNull>
      <isNotNull prepend="," property="creator">
        CREATOR = #creator:VARCHAR#
      </isNotNull>
      <isNotNull prepend="," property="modifyDate">
        MODIFY_DATE = #modifyDate:DATE#
      </isNotNull>
      <isNotNull prepend="," property="modifier">
        MODIFIER = #modifier:VARCHAR#
      </isNotNull>
      <isNotNull prepend="," property="isEnable">
        IS_ENABLE = #isEnable:CHAR#
      </isNotNull>
    </dynamic>
    where ID = #id:CHAR#
  </update>
  <select id="abatorgenerated_countByExample" parameterClass="com.foxconn.gds.sce.melp.model.ExamInfoExample" resultClass="java.lang.Integer">
    <!--
      WARNING - This element is automatically generated by Abator for iBATIS, do not modify.
    -->
    select count(*) from C_EXAM_INFO_T
    <include refid="C_EXAM_INFO_T.abatorgenerated_Example_Where_Clause" />
  </select>
  <update id="abatorgenerated_updateByExampleSelective">
    <!--
      WARNING - This element is automatically generated by Abator for iBATIS, do not modify.
    -->
    update C_EXAM_INFO_T
    <dynamic prepend="set">
      <isNotNull prepend="," property="record.id">
        ID = #record.id:CHAR#
      </isNotNull>
      <isNotNull prepend="," property="record.paperId">
        PAPER_ID = #record.paperId:CHAR#
      </isNotNull>
      <isNotNull prepend="," property="record.examRoomId">
        EXAM_ROOM_ID = #record.examRoomId:CHAR#
      </isNotNull>
      <isNotNull prepend="," property="record.empNo">
        EMP_NO = #record.empNo:VARCHAR#
      </isNotNull>
      <isNotNull prepend="," property="record.examTimes">
        EMAM_TIMES = #record.examTimes:DECIMAL#
      </isNotNull>
      <isNotNull prepend="," property="record.addTimes">
        ADD_TIMES = #record.addTimes:DECIMAL#
      </isNotNull>
      <isNotNull prepend="," property="record.createDate">
        CREATE_DATE = #record.createDate:DATE#
      </isNotNull>
      <isNotNull prepend="," property="record.creator">
        CREATOR = #record.creator:VARCHAR#
      </isNotNull>
      <isNotNull prepend="," property="record.modifyDate">
        MODIFY_DATE = #record.modifyDate:DATE#
      </isNotNull>
      <isNotNull prepend="," property="record.modifier">
        MODIFIER = #record.modifier:VARCHAR#
      </isNotNull>
      <isNotNull prepend="," property="record.isEnable">
        IS_ENABLE = #record.isEnable:CHAR#
      </isNotNull>
    </dynamic>
    <isParameterPresent>
      <include refid="C_EXAM_INFO_T.abatorgenerated_Example_Where_Clause" />
    </isParameterPresent>
  </update>
  <update id="abatorgenerated_updateByExample">
    <!--
      WARNING - This element is automatically generated by Abator for iBATIS, do not modify.
    -->
    update C_EXAM_INFO_T
    set ID = #record.id:CHAR#,
      PAPER_ID = #record.paperId:CHAR#,
      EXAM_ROOM_ID = #record.examRoomId:CHAR#,
      EMP_NO = #record.empNo:VARCHAR#,
      EMAM_TIMES = #record.examTimes:DECIMAL#,
      ADD_TIMES = #record.addTimes:DECIMAL#,
      CREATE_DATE = #record.createDate:DATE#,
      CREATOR = #record.creator:VARCHAR#,
      MODIFY_DATE = #record.modifyDate:DATE#,
      MODIFIER = #record.modifier:VARCHAR#,
      IS_ENABLE = #record.isEnable:CHAR#
    <isParameterPresent>
      <include refid="C_EXAM_INFO_T.abatorgenerated_Example_Where_Clause" />
    </isParameterPresent>
  </update>
</sqlMap>