<?xml version="1.0" encoding="UTF-8"?>
<!DOCTYPE sqlMap PUBLIC "-//ibatis.apache.org//DTD SQL Map 2.0//EN" "/sql-map-2.dtd">
<sqlMap namespace="C_EXAM_RESULTS_T">
	<resultMap class="com.foxconn.gds.sce.melp.model.ExamResults"
		id="ExamResults">
		
	
		<result column="EXAM_ROOM_ID" jdbcType="VARCHAR" property="examRoomId" />
		<result column="EMP_NO" jdbcType="VARCHAR" property="empNo" />
		<result column="GET_SCORE" jdbcType="DECIMAL" property="getScore" />

		<result column="PAPER_NAME" jdbcType="VARCHAR" property="paperName" />
		<result column="TOTALSCORE" jdbcType="DECIMAL" property="totalScore" />
		<result column="PASS_SCORE" jdbcType="DECIMAL" property="passScore" />
		<result column="USERNAME" jdbcType="VARCHAR" property="empName" />
		<result column="PAPER_ID" jdbcType="VARCHAR" property="paperId" />
	</resultMap>
	<select id="selectByCondition" parameterClass="com.foxconn.gds.sce.melp.model.ExamResults"
		resultMap="ExamResults">
		select
		a.EXAM_ROOM_ID,b.PAPER_NAME,(b.NUMBER_S*b.SCORE_S+b.NUMBER_M*b.SCORE_M+b.NUMBER_TF*b.SCORE_TF)
		as TOTALSCORE,b.PASS_SCORE,a.EMP_NO,c.USERNAME,a.GET_SCORE,a.PAPER_ID
		from
		C_EXAM_RESULTS_T a JOIN C_PAPER_INFO_T b on a.PAPER_ID=b.ID
		JOIN
		MELP_USER c on c.USER_ID=a.EMP_NO 
		<dynamic prepend="where">
		<isNotNull property="paperName" >
		<isNotEmpty property="paperName" prepend="and">
		b.PAPER_NAME=#paperName# or b.PAPER_NAME like #paperName# || '%'
		</isNotEmpty>
		</isNotNull>
		<isNotNull property="empNo" >
		<isNotEmpty property="empNo" prepend="and">
		c.USER_ID=#empNo# or c.USER_ID like #empNo# || '%'
		</isNotEmpty>
		</isNotNull>
		<isNotNull property="empName" >
		<isNotEmpty property="empName" prepend="and">
		c.USERNAME=#userName# or c.USERNAME like #userName# || '%'
		</isNotEmpty>
		</isNotNull>
		
		</dynamic>
		order by a.EXAM_ROOM_ID DESC
	</select>
	
</sqlMap>