<?xml version="1.0" encoding="UTF-8"?>
<!DOCTYPE sqlMap PUBLIC "-//ibatis.apache.org//DTD SQL Map 2.0//EN" "http://ibatis.apache.org/dtd/sql-map-2.dtd">
<sqlMap namespace="C_EXAM_ROOM_T">
  <resultMap class="com.foxconn.gds.sce.melp.model.ExamRoom" id="abatorgenerated_ExamRoomResult_all">
    <result column="ID" jdbcType="VARCHAR" property="id" />
    <result column="PAPER_ID" jdbcType="CHAR" property="paperId" />
    <result column="START_TIME" jdbcType="DATE" property="startTime" />
    <result column="ROOM" jdbcType="VARCHAR" property="room" />
    <result column="IS_SYNC" jdbcType="CHAR" property="isSync" />
    <result column="CREATE_DATE" jdbcType="DATE" property="createDate" />
    <result column="CREATOR" jdbcType="VARCHAR" property="creator" />
    <result column="MODIFY_DATE" jdbcType="DATE" property="modifyDate" />
    <result column="MODIFIER" jdbcType="VARCHAR" property="modifier" />
    <result column="IS_ENABLE" jdbcType="CHAR" property="isEnable" />
    <result column="PAPER_NAME" property="paperName" jdbcType="VARCHAR" />
  </resultMap> 
  
  <resultMap class="com.foxconn.gds.sce.melp.model.ExamRoom" id="abatorgenerated_ExamRoomResult_part">
    <result column="ID" jdbcType="VARCHAR" property="id" />
    <result column="START_TIME" jdbcType="DATE" property="startTime" />
    <result column="END_TIME" jdbcType="DATE" property="endTime" />
    <result column="ROOM" jdbcType="VARCHAR" property="room" />
    <result column="IS_SYNC" jdbcType="CHAR" property="isSync" />
    <result column="PAPER_NAME" property="paperName" jdbcType="VARCHAR" />
  </resultMap> 
  <typeAlias alias="exameRoom" type="com.foxconn.gds.sce.melp.model.ExamRoom"/> 
  <!-- main query -->
  <sql id="ExamRoom_sql_frame">
  	select a.id as ID,a.start_time as START_TIME,a.end_time as END_TIME,a.room as ROOM,decode(a.is_sync,'1','同步','0','不同步','無效數據') as IS_SYNC,b.paper_name  as PAPER_NAME
         from c_exam_room_t a,
              c_paper_info_t b
              where a.paper_id=b.id and a.is_enable='1' and b.is_enable='1'
  </sql>
    <select id="select_room_list_byAdmin" resultMap="abatorgenerated_ExamRoomResult_part"  parameterClass="exameRoom" >
    <include refid="ExamRoom_sql_frame"/>
    <dynamic>
	    	<isNotEmpty property="paperName">
				and paper_name LIKE CONCAT('%', CONCAT(#paperName#, '%'))
			</isNotEmpty>
 	</dynamic>
 	order by a.create_Date desc
  </select> 
  <select id="select_room_list_byExamner" resultMap="abatorgenerated_ExamRoomResult_part"  parameterClass="exameRoom" >
    <include refid="ExamRoom_sql_frame"/>
    <dynamic>
    		<isNotEmpty property="creator">
				and upper(a.creator)=upper(#creator#)
			</isNotEmpty>
	    	<isNotEmpty property="paperName">
				and b.paper_name LIKE CONCAT('%', CONCAT(#paperName#, '%'))
			</isNotEmpty>
 	</dynamic>
 	order by a.create_Date desc
  </select> 
  
<insert id="sql_insertroom" parameterClass="exameRoom">
INSERT INTO C_EXAM_ROOM_T (ID,PAPER_ID,START_TIME,ROOM,IS_SYNC,CREATOR,END_TIME)
VALUES(#id#,#paperId#,#startTime#,#room#,#isSync#,#creator#,#endTime#)
  </insert>
  
  <update id="sql_updateroom" parameterClass="exameRoom">
  
   UPDATE C_EXAM_ROOM_T 
    <dynamic prepend="set">
        <isNotNull prepend="," property="paperId">
            PAPER_ID = #paperId#
         </isNotNull>
          <isNotNull prepend="," property="startTime">
            START_TIME = #startTime#
         </isNotNull>
          <isNotNull prepend="," property="room">
            ROOM = #room#
         </isNotNull>
           <isNotNull prepend="," property="isSync">
            IS_SYNC = #isSync#
         </isNotNull>
         <isNotNull prepend="," property="modifier">
           MODIFIER=#modifier#
         </isNotNull>
         <isNotNull prepend="," property="endTime">
           END_TIME=#endTime#
         </isNotNull>
           <!-- <isNotNull prepend="," property="modifyDate"> MODIFY_DATE = #modifyDate# </isNotNull>--> 
         ,MODIFY_DATE = SYSDATE
         
    </dynamic>
  WHERE ID=#id#
  </update>
  
  <update id="sql_updateSync" parameterClass="exameRoom">
  UPDATE C_EXAM_ROOM_T SET IS_SYNC=#isSync#,MODIFIER=#modifier#,MODIFY_DATE=SYSDATE WHERE ID=#id#
  </update>
  
  <select id="sql_selByRoomID" parameterClass="exameRoom" resultClass="exameRoom">
     SELECT ID as id,PAPER_ID as paperId,START_TIME as startTime,END_TIME as endTime,ROOM as room,IS_SYNC as isSync FROM C_EXAM_ROOM_T 
 WHERE ID=#id#
  </select>

<!--  <resultMap class="exameRoom" id="queryall">
    <result column="ROOMID" jdbcType="VARCHAR" property="roomId" />
    <result column="START_TIME" jdbcType="DATE" property="startTime" />
    <result column="ROOM" jdbcType="VARCHAR" property="room" />
    <result column="IS_SYNC" jdbcType="CHAR" property="isSync" />
    <result column="PAPERID" jdbcType="CHAR" property="paperId" />
    <result column="PAPER_NAME"  jdbcType="VARCHAR" property="paperName"/>
  </resultMap>  -->
 
  
  <select id="select_all" resultClass="exameRoom"  parameterClass="java.util.Map">

 <!--SELECT A.ID AS roomId, A.START_TIME AS startTime, A.ROOM AS room,
       A.IS_SYNC AS isSync, B.ID AS paperId, B.PAPER_NAME AS paperName
  FROM C_EXAM_ROOM_T A, C_PAPER_INFO_T B
 WHERE A.PAPER_ID = B.ID AND A.IS_ENABLE = '1' AND B.IS_ENABLE = '1'
   -->  
 SELECT A.ID AS roomId, A.START_TIME AS startTime, A.ROOM AS room,
          TO_CHAR (A.START_TIME, 'yyyy/mm/dd')
       || ' ~ '
       || TO_CHAR (NVL (A.END_TIME, A.START_TIME), 'yyyy/mm/dd')
                                                                AS studyTime,
       A.IS_SYNC AS isSync, B.ID AS paperId, B.PAPER_NAME AS paperName,
       NVL(EXAM_COUNT,0) AS ecount
  FROM C_EXAM_ROOM_T A LEFT JOIN C_PAPER_INFO_T B
       ON A.PAPER_ID = B.ID AND B.IS_ENABLE = '1'
       LEFT JOIN
       (SELECT   D.ID, COUNT (*) AS EXAM_COUNT
            FROM C_EXAM_ROOM_T D
                 INNER JOIN
                 (SELECT *
                    FROM R_EXAMINEES_T
                   WHERE IS_ENABLE = '1') C ON D.ID = C.EXAM_ROOM_ID 
        GROUP BY D.ID) E ON A.ID = E.ID WHERE A.IS_ENABLE='1'
  	<dynamic >
  	 	<isNotEmpty  property="DT_USER">
	    and upper(A.CREATOR)=#DT_USER#
	   	</isNotEmpty>
  	  <isNotEmpty  property="DT_SEARCH">
	   and  ( 
	     A.ID LIKE CONCAT('%', CONCAT(#DT_SEARCH#, '%'))
	    OR A.START_TIME LIKE CONCAT('%', CONCAT(#DT_SEARCH#, '%'))
	    OR A.ROOM LIKE CONCAT('%', CONCAT(#DT_SEARCH#, '%'))
	    OR A.IS_SYNC LIKE CONCAT('%', CONCAT(#DT_SEARCH#, '%'))
	    OR B.PAPER_NAME LIKE CONCAT('%', CONCAT(#DT_SEARCH#, '%'))
	   	)
	   	</isNotEmpty>
	    <isNotEmpty property="DT_ORDER_COLUMN_SORT" >
		   	ORDER BY $DT_ORDER_COLUMN_SORT$
	   	</isNotEmpty>
  	
	</dynamic>	
  
  </select>  
  
  
<select id="select_count" resultClass="java.lang.Integer"  parameterClass="java.util.Map">
SELECT COUNT (*)
  FROM C_EXAM_ROOM_T A, C_PAPER_INFO_T B
 WHERE A.PAPER_ID = B.ID
   AND A.IS_ENABLE = '1'
   AND B.IS_ENABLE = '1'
  
   <dynamic>
  	 	<isNotEmpty property="DT_USER">
	   and upper(A.CREATOR)=#DT_USER#
	   	</isNotEmpty>
  	  <isNotEmpty property="DT_SEARCH">
	    AND ( 
	     A.ID LIKE CONCAT('%', CONCAT(#DT_SEARCH#, '%'))
	    OR A.START_TIME LIKE CONCAT('%', CONCAT(#DT_SEARCH#, '%'))
	    OR A.ROOM LIKE CONCAT('%', CONCAT(#DT_SEARCH#, '%'))
	    OR A.IS_SYNC LIKE CONCAT('%', CONCAT(#DT_SEARCH#, '%'))
	    OR B.PAPER_NAME LIKE CONCAT('%', CONCAT(#DT_SEARCH#, '%'))
	   	)
	   	</isNotEmpty>
	  
  	
	</dynamic>	   
</select>  
    
  <update id="sql_deleteroom" parameterClass="exameRoom">
    UPDATE C_EXAM_ROOM_T SET IS_ENABLE='0',MODIFIER=#modifier#,MODIFY_DATE=SYSDATE WHERE ID=#id#
  </update> 
 
 
  <!--<parameterMap class="exameRoom" id="getMaxRoomPara">
      <parameter  jdbcType="VARCHAR" javaType="java.lang.String" property="id" mode="OUT"/>
    </parameterMap>  
      <resultMap class="exameRoom" id="getMaxRoomIDMap">
      <result  jdbcType="VARCHAR" javaType="java.lang.String" property="id" column="roomid"/>
    </resultMap>  
    
        <resultMap class="exameRoom" id="funcResultMap">
      <result  jdbcType="VARCHAR" javaType="java.lang.String" property="id" column="roomid"/>
    </resultMap>   
  --> 
  <parameterMap id="funcMap" class="java.util.Map">
     <parameter property="roomid" javaType="java.lang.String" jdbcType="VARCHAR" mode="OUT" />
     <parameter property="inroom" javaType="java.lang.String" jdbcType="VARCHAR" mode="IN" />
     
  </parameterMap>

  <procedure id="pro_getMaxRoomID"  parameterMap="funcMap" >
      {?=call GETMAXROOMID (?)}
  </procedure>
 
</sqlMap>