<?xml version="1.0" encoding="UTF-8"?>
<!DOCTYPE sqlMap PUBLIC "-//ibatis.apache.org//DTD SQL Map 2.0//EN" "http://ibatis.apache.org/dtd/sql-map-2.dtd">
<sqlMap namespace="C_EXAM_RESULTS_T">    
  <resultMap class="com.foxconn.gds.sce.melp.model.VO_Front_ViewExam" id="view_exam_resultlistAndtitle">
  	<result column="PAPERDETAILID" jdbcType="VARCHAR" property="paperDetailId" />
    <result column="EXAM_ROOM_ID" jdbcType="VARCHAR" property="examRoomId" />
    <result column="PAPER_ID" jdbcType="VARCHAR" property="paperId" />
    <result column="EMP_NO" jdbcType="VARCHAR" property="empNo" />
    <result column="GET_SCORE" jdbcType="DECIMAL" property="getScore" />
  	<result column="PAPER_NAME" jdbcType="VARCHAR" property="paperName" />
  	<result column="USERNAME" jdbcType="VARCHAR" property="empName" />
  	<result column="TOTAL_SCORE" jdbcType="DECIMAL" property="totalScore" />
    <result column="PASS_SCORE" jdbcType="DECIMAL" property="passScore" />
    <result column="TIME_TOTAL" jdbcType="DECIMAL" property="timeTotal" />
    <result column="START_TIME" jdbcType="DATE" property="startTime" />
    <result column="END_TIME" jdbcType="DATE" property="endTime" />
    <result column="STR_START_TIME" jdbcType="DATE" property="strStartTime" />
    <result column="STR_END_TIME" jdbcType="DATE" property="strEndTime" />
    <result column="NUMBER_S" jdbcType="DECIMAL" property="numberS" />
    <result column="NUMBER_M" jdbcType="DECIMAL" property="numberM" />
    <result column="NUMBER_TF" jdbcType="DECIMAL" property="numberTf" />
    <result column="SCORE_S" jdbcType="DECIMAL" property="scoreS" />
    <result column="SCORE_M" jdbcType="DECIMAL" property="scoreM" />
    <result column="SCORE_TF" jdbcType="DECIMAL" property="scoreTf" />
    <result column="STOTAL" jdbcType="DECIMAL" property="sTotal" />
    <result column="MTOTAL" jdbcType="DATE" property="mTotal" />
    <result column="TFTOTAL" jdbcType="DATE" property="tfTotal" />
  </resultMap>
  
  <resultMap class="com.foxconn.gds.sce.melp.model.VO_Front_ViewExam" id="view_exam_content">
    <result column="QUESTION_TYPE" jdbcType="VARCHAR" property="questionType" />
    <result column="ID" jdbcType="VARCHAR" property="id" />
    <result column="PAPERDETAILID" jdbcType="VARCHAR" property="paperDetailId" />
    <result column="QUESTION_TITLE" jdbcType="VARCHAR" property="questionTitle" />
    <result column="IS_RIGHT_ANSWER" jdbcType="VARCHAR" property="isRightAnswer" />
    <result column="IS_USER_ANSWER" jdbcType="VARCHAR" property="isUserAnswer" />
  	<result column="OPTION_CONTENT" jdbcType="VARCHAR" property="optionContent" />  	
  	<result column="OPTION_ORDER" jdbcType="DECIMAL" property="optionOrder" /> 
  </resultMap>
  <typeAlias alias="viewExam" type="com.foxconn.gds.sce.melp.model.VO_Front_ViewExam"/>  
  <!-- main query --> 
  <sql id="ExamResult_sql_frame">
  	select a.id as PAPERDETAILID,a.EXAM_ROOM_ID,a.paper_id,c.PAPER_NAME,a.START_TIME,a.END_TIME,
  			to_char(a.START_TIME,'yyyy/MM/dd hh24:mi:ss') STR_START_TIME,to_char(a.END_TIME,'yyyy/MM/dd hh24:mi:ss') STR_END_TIME,
	    	d.get_score,a.EMP_NO,b.username,c.PASS_SCORE,c.TIME_TOTAL,(c.NUMBER_S*c.SCORE_S+c.NUMBER_M*c.SCORE_M+c.NUMBER_TF*c.SCORE_TF) AS TOTAL_SCORE,
	    	c.NUMBER_S,c.NUMBER_M,c.NUMBER_TF,c.SCORE_S,c.SCORE_M,c.SCORE_TF,c.NUMBER_S*c.SCORE_S sTotal,c.NUMBER_M*c.SCORE_M mTotal,c.NUMBER_TF*c.SCORE_TF tfTotal
    	 from 
    C_PAPER_DETAIL_T a,
    melp_user b,
    C_PAPER_INFO_T c,
    C_EXAM_RESULTS_T d
    where UPPER(a.emp_no)=UPPER(b.USER_ID)
      and a.paper_id = c.id
      and d.PAPER_ID = a.paper_id  
      and d.EXAM_ROOM_ID = a.EXAM_ROOM_ID
      and a.id=d.id
      and UPPER(d.EMP_NO) = UPPER(a.EMP_NO)
      and UPPER(d.EMP_NO) = UPPER(b.USER_ID)
      and a.IS_ENABLE='1'
      and c.IS_ENABLE='1'
      and c.IS_ENABLE='1'
      and d.IS_ENABLE='1'
  </sql>
  <select id="select_score_paperName_byAdmin" resultMap="view_exam_resultlistAndtitle"  parameterClass="viewExam" >
    	<include refid="ExamResult_sql_frame"/>
	   <dynamic>
		    	<isNotEmpty property="paperName">
		    		and paper_name LIKE CONCAT('%', CONCAT(#paperName#, '%'))
		    	</isNotEmpty>
	 	</dynamic>
	 	order by a.create_Date desc
  </select> 
    
      <!-- 訓練專員 -->
   <select id="select_score_paperName_byExamer" resultMap="view_exam_resultlistAndtitle"  parameterClass="viewExam" >
    	<include refid="ExamResult_sql_frame"/>
	   <dynamic>
	   			<isNotEmpty property="paperName">
		    		and paper_name LIKE CONCAT('%', CONCAT(#paperName#, '%'))
		    	</isNotEmpty>
		    	<isNotEmpty property="loger">
		    		and upper(c.createor)=upper(#loger#)
		    	</isNotEmpty>
	 </dynamic>
	 order by a.create_Date desc
  </select> 
  <!-- 考生 -->
   <select id="select_score_paperName_byExaminees" resultMap="view_exam_resultlistAndtitle"  parameterClass="viewExam" >
    	<include refid="ExamResult_sql_frame"/>
	   <dynamic>
	   			<isNotEmpty property="paperName">
		    		and paper_name LIKE CONCAT('%', CONCAT(#paperName#, '%'))
		    	</isNotEmpty>
		    	<isNotEmpty property="loger">
		    		and upper(b.USER_ID) =upper(#loger#)
		    	</isNotEmpty>
	 </dynamic>
	 order by a.create_Date desc
  </select> 
    
   <parameterMap id="updateOffLineExamResultMap" class="com.foxconn.gds.sce.melp.model.ExamResults">
   		<parameter property="id" mode="IN"></parameter>
		<parameter property="paperId" mode="IN"></parameter>
		<parameter property="examRoomId" mode="IN"></parameter>
		<parameter property="empNo" mode="IN"></parameter>
		<parameter property="getScore" mode="IN"></parameter>
		<parameter property="creator" mode="IN"></parameter>
	</parameterMap>
	<procedure id="updateOffLineExamResults"
		parameterMap="updateOffLineExamResultMap">
		{ call myexam_pk.update_exam_results_t (?,?,?,?,?,?) }
	</procedure>
    
  <select id="select_score_title" resultMap="view_exam_resultlistAndtitle"  parameterClass="viewExam" >
    <include refid="ExamResult_sql_frame"/>
    <dynamic>
		    	<isNotEmpty property="paperDetailId">
		    		and a.ID=#paperDetailId#
		    	</isNotEmpty>
	 </dynamic>      
  </select> 
  
  <select id="select_score_content" resultMap="view_exam_content"  parameterClass="viewExam" >
    select a.QUESTION_TYPE,a.ID,e.id as PAPERDETAILID,a.QUESTION_TITLE,
           b.IS_RIGHT_ANSWER,d.IS_USER_ANSWER,b.OPTION_CONTENT,d.OPTION_ORDER           
     from  
        C_QUESTION_T a,
        R_QUESTION_OPTIONS_T b,        
        C_QUES_DETAIL_T c,
        C_OPTION_DETAIL_T d,
        C_PAPER_DETAIL_T e
        where 
           a.ID = b.QUESTION_ID
          and a.id = c.QUESTION_ID
          and d.PAPER_DETAIL_ID = c.PAPER_DETAIL_ID
          and d.OPTION_ID=b.id
          and c.PAPER_DETAIL_ID=e.ID
          and a.is_enable='1'
          and b.is_enable='1'
          and c.is_enable='1'
          and d.is_enable='1'
          and e.is_enable='1'
          and e.ID=#paperDetailId#
          order by a.QUESTION_TYPE,QUESTION_ORDER asc,OPTION_ORDER asc      
  </select>
</sqlMap>