<?xml version="1.0" encoding="UTF-8"?>
<!DOCTYPE sqlMap PUBLIC "-//ibatis.apache.org//DTD SQL Map 2.0//EN" "http://ibatis.apache.org/dtd/sql-map-2.dtd">
<sqlMap namespace="FDownloadPaper">
	<resultMap class="com.foxconn.gds.sce.melp.model.VO_ExamRoom"
		id="VO_ExamRoomResult">
		<result column="ID" jdbcType="VARCHAR" property="id" />
		<result column="PAPER_NAME" jdbcType="VARCHAR" property="paperName" />
		<result column="PAPER_ID" jdbcType="CHAR" property="paperId" />
		<result column="START_TIME" jdbcType="DATE" property="startTime" />
	    <result column="END_TIME" jdbcType="DATE" property="endTime" />	<!--added by lyl 20120903 -->
		<result column="ROOM" jdbcType="VARCHAR" property="room" />
		<result column="CREATOR" jdbcType="VARCHAR" property="creator" />
	</resultMap>

	<select id="listExamRooms" parameterClass="java.lang.String"
		resultMap="VO_ExamRoomResult">
		<![CDATA[	
	select a.ID, a.PAPER_ID, a.START_TIME,a.END_TIME,a.ROOM, b.PAPER_NAME, a.CREATOR
		from C_EXAM_ROOM_T a join C_PAPER_INFO_T b on a.paper_id =b.id
		and a.is_enable='1' and a.IS_SYNC='1' and b.is_enable='1'
		and  SYSDATE < a.END_TIME+1 and upper(a.creator)=upper(#loginUserEmpNo#)
 
]]>
	<!-- 	a.START_TIME>(sysdate-1) and upper(a.creator)=upper(#loginUserEmpNo#) modified by lyl 20120903-->
	</select>
	
	<select id="fDownload.listExamRoomsByAdmin" parameterClass="java.lang.String"
		resultMap="VO_ExamRoomResult">
		<![CDATA[	
		select a.ID, a.PAPER_ID, a.START_TIME, a.END_TIME,a.ROOM, b.PAPER_NAME, a.CREATOR
		from C_EXAM_ROOM_T a join C_PAPER_INFO_T b on a.paper_id =b.id
		and a.is_enable='1' and a.IS_SYNC='1' and b.is_enable='1'
		and  SYSDATE < a.END_TIME+1
		]]>
		<!-- and a.START_TIME>sysdate  modified by lyl 20120827-->
	<!-- 	AND a.start_time>=to_date(to_char(SYSDATE,'yyyy/MMdd/'),'yyyy/MMdd/') -->
	</select>
	
	<select id="listExamRoomsById" parameterClass="java.lang.String" resultMap="VO_ExamRoomResult" >
		select a.ID, a.PAPER_ID, a.START_TIME,a.end_time, a.ROOM, b.PAPER_NAME,a.CREATOR
		from C_EXAM_ROOM_T a join C_PAPER_INFO_T b on a.paper_id =b.id
		and a.id=#examRoomId#
	</select>

	<select id="listUserInfoByRoomId" parameterClass="java.lang.String"
		resultClass="com.foxconn.gds.sce.melp.model.VO_ExamineesInfo">
		SELECT a.emp_no empNo, b.password, c.ID roleId, c.NAME roleName,
		       b.username empName, b.dept_name deptName
		  FROM r_examinees_t a JOIN melp_user b ON a.emp_no = b.user_id
		                                      AND a.exam_room_id = #examRoomId#
		                                      AND a.is_enable = '1'
		                                      AND b.active = '1'
		                                      AND b.deleted = '0'
		                                      AND b.ENABLE = '1'
		                                      AND b.expired = '0'
		                                      AND LOCKED = '0'
		       JOIN melp_user_role_maps e ON b.ID = e.user_id
		       JOIN melp_role c ON e.role_id = c.ID AND c.deleted = '0'
		       LEFT JOIN c_exam_info_t d ON d.exam_room_id = #examRoomId#
		                               AND d.emp_no = a.emp_no
		                               AND d.is_enable = '1'
	</select>
	
	<select id="listExamineesInfoByRoomId" parameterClass="java.lang.String"
		resultClass="com.foxconn.gds.sce.melp.model.Examinees">
		SELECT a.id, a.exam_room_id examRoomId, a.emp_no empNo, a.status, a.creator,
			   b.username empName, b.dept_name deptName
		  FROM r_examinees_t a JOIN melp_user b ON a.emp_no = b.user_id
		                                      AND a.exam_room_id = #examroomid#
		                                      AND a.is_enable = '1'
		                                      AND b.active = '1'
		                                      AND b.deleted = '0'
		                                      AND b.ENABLE = '1'
		                                      AND b.expired = '0'
		                                      AND LOCKED = '0'
	</select>
	
	<select id="listExamInfoByRoomId" parameterClass="java.lang.String"
		resultClass="com.foxconn.gds.sce.melp.model.ExamInfo">
		SELECT id, paper_id paperId, exam_room_id examRoomId, emp_no empNo, 
			   exam_times examTimes, add_times addTimes, creator, create_date createDate
		  FROM c_exam_info_t d
		 WHERE exam_room_id = #examroomid# AND is_enable = '1'
	</select>

	<select id="listRolePermission" parameterClass="java.lang.String" resultClass="com.foxconn.gds.sce.melp.model.VO_RolePermission">
		SELECT access_level accessLevel,permission_type permissionType,
		 menu_order menuOrder, menu_type menuType, url, role_id roleId
		  FROM melp_role_permission
		 WHERE enabled = '1'
	</select>
	
	<select id="selectPaperInfoByPaperId" parameterClass="java.lang.String" resultClass="com.foxconn.gds.sce.melp.model.PaperInfo">
		SELECT ID, paper_name papername, question_lib_id questionlibid,
		       exam_times_max examtimesmax, time_total timetotal,
		       pass_score passscore, number_s numbers, number_m numberm,
		       number_tf numbertf, score_s scores, score_m scorem, score_tf scoretf
		  FROM c_paper_info_t
		 WHERE is_enable = '1' AND ID = #paperId#
	</select>
	
	<select id="listQuestionsByPaperId" parameterClass="java.lang.String" resultClass="com.foxconn.gds.sce.melp.model.Question">
		SELECT b.ID , b.question_lib_id questionLibId, b.question_type questionType , b.question_title questionTitle, b.priority priority
		  FROM c_paper_info_t a JOIN c_question_t b ON a.question_lib_id =
		                                                             b.question_lib_id
		                                          AND a.is_enable = '1'
		                                          AND b.is_enable = '1'
		                                          AND a.ID = #paperId#
	</select>
	
	<select id="listQuesOptionsByPaperId" parameterClass="java.lang.String" resultClass="com.foxconn.gds.sce.melp.model.QuestionOptions">
		SELECT c.ID, c.question_id questionId, c.is_right_answer isRightAnswer, c.option_content optionContent
		  FROM c_paper_info_t a JOIN c_question_t b ON a.question_lib_id =
		                                                             b.question_lib_id
		                                          AND a.is_enable = '1'
		                                          AND b.is_enable = '1'
		                                          AND a.ID = #paperId#
		       JOIN r_question_options_t c ON b.ID = c.question_id
		                                 AND c.is_enable = '1'
	</select>
	
	<select id="fDownload.listExamResultByRoomId" parameterClass="java.lang.String" resultClass="com.foxconn.gds.sce.melp.model.ExamResults">
		SELECT ID id, paper_id paperId, exam_room_id examRoomId, emp_no empNo,
		       get_score getScore, creator
		  FROM c_exam_results_t
		 WHERE exam_room_id = #examRoomId# AND is_enable = '1'
	</select> 
	
	<select id="listCurrentUserAndAdmin" parameterClass="java.lang.String"
		resultClass="com.foxconn.gds.sce.melp.model.VO_ExamineesInfo">
		SELECT b.user_id empNo, b.password, c.ID roleId, c.NAME roleName,
		       b.username empName, b.dept_name deptName
		  FROM melp_user b JOIN melp_user_role_maps e ON b.active = '1'
		                                            AND b.deleted = '0'
		                                            AND b.ENABLE = '1'
		                                            AND b.expired = '0'
		                                            AND b.LOCKED = '0'
		                                            AND b.ID = e.user_id
		       JOIN melp_role c ON e.role_id = c.ID AND c.deleted = '0'
		 WHERE UPPER (b.user_id) = upper(#empno#) OR c.ID = '8a14c9cb3458c4ea013458c4f1480032'
	</select>
</sqlMap>
