<?xml version="1.0" encoding="UTF-8"?>
<!DOCTYPE sqlMap PUBLIC "-//ibatis.apache.org//DTD SQL Map 2.0//EN" "http://ibatis.apache.org/dtd/sql-map-2.dtd">
<sqlMap namespace="makeupInfo">

	<sql id="makeupInfo.listWithRole_fragment">
		<!-- FROM c_exam_info_t e, c_paper_info_t p, c_exam_room_t r WHERE e.paper_id 
			= p.id AND e.exam_room_id = r.id AND e.creator = #creator# -->
		FROM c_paper_info_t p, c_exam_room_t r
		WHERE r.paper_id = p.id
		AND r.is_enable = '1'
		AND p.is_enable = '1'
		AND UPPER(p.CREATEOR) = UPPER(#creator#)
		<dynamic>
			<isNotEmpty prepend="and" property="DT_SEARCH">
				( r.id LIKE CONCAT('%', CONCAT(#DT_SEARCH#, '%'))
				OR p.paper_name LIKE CONCAT('%', CONCAT(#DT_SEARCH#, '%'))
				OR r.start_time LIKE CONCAT('%', CONCAT(#DT_SEARCH#, '%'))
				OR r.room LIKE CONCAT('%', CONCAT(#DT_SEARCH#, '%'))
				OR r.is_sync LIKE CONCAT('%', CONCAT(#DT_SEARCH#, '%'))
				)
			</isNotEmpty>
		</dynamic>
	</sql>

	<sql id="makeupInfo.getMakeupInfoForDataTable_fragment">
		FROM c_exam_info_t e,
		melp_user u,
		c_paper_info_t p
		WHERE UPPER(E.EMP_NO) = UPPER(U.USER_ID)
		and E.PAPER_ID = P.ID
		and
		e.exam_room_id = #id#
		<dynamic>
			<isNotEmpty prepend="and" property="DT_SEARCH">
				( u.username LIKE CONCAT('%', CONCAT(#DT_SEARCH#, '%'))
				OR e.emp_no LIKE CONCAT('%', CONCAT(#DT_SEARCH#, '%'))
				OR u.dept_name LIKE CONCAT('%', CONCAT(#DT_SEARCH#, '%'))
				)
			</isNotEmpty>
		</dynamic>
	</sql>

	<select id="makeupInfo.getListWithRole" parameterClass="HashMap"
		resultClass="HashMap">
		SELECT R.START_TIME as startTime,
		TO_CHAR (R.START_TIME, 'yyyy/mm/dd')
       || ' ~ '
       || TO_CHAR (NVL (R.END_TIME, R.START_TIME), 'yyyy/mm/dd') AS studyTime,
		R.ROOM as room,
		(CASE WHEN R.IS_SYNC = '1' THEN '是' WHEN R.IS_SYNC = '0' THEN '否' END) as
		isSync,
		r.id as makeupId,
		P.PAPER_NAME as paperName,
		p.ID as paperId,
		r.id as examRoomId,
		(P.PAPER_NAME || '_' || R.ID) AS CHOOSEVALUE
		<include refid="makeupInfo.listWithRole_fragment" />
		<dynamic>
			<isNotEmpty property="DT_ORDER_COLUMN_SORT">
				ORDER BY $DT_ORDER_COLUMN_SORT$
			</isNotEmpty>
		</dynamic>
	</select>

	<select id="makeupInfo.getListWithRoleCount" parameterClass="HashMap"
		resultClass="java.lang.Integer">
		SELECT COUNT(*) as count
		<include refid="makeupInfo.listWithRole_fragment" />
	</select>

	<select id="makeupInfo.getMakeupInfoForDataTable"
		parameterClass="HashMap" resultClass="HashMap">
  	<![CDATA[SELECT u.username as userName, 
  		e.emp_no as empNo, 
  		u.dept_name as deptName,
  		(e.id || '~' || e.add_times || '~' || (e.exam_times - p.exam_times_max)) as updateValue,
		(CASE WHEN e.exam_times - p.exam_times_max <= 0 THEN 
				e.exam_times || '/' || p.exam_times_max
            WHEN e.exam_times - p.exam_times_max > 0 THEN 
            	p.exam_times_max || '/' || p.exam_times_max END) as examTimes,
		(CASE WHEN p.exam_times_max - e.exam_times >= 0 THEN 
				0 ||'/'|| e.add_times 
			WHEN p.exam_times_max - e.exam_times < 0 THEN 
				e.exam_times - p.exam_times_max || '/' || e.add_times END) as makeupTimes]]>
		<include refid="makeupInfo.getMakeupInfoForDataTable_fragment" />
		<dynamic>
			<isNotEmpty property="DT_ORDER_COLUMN_SORT">
				ORDER BY $DT_ORDER_COLUMN_SORT$
			</isNotEmpty>
		</dynamic>
	</select>

	<select id="makeupInfo.getMakeupInfoForDataTableCount"
		parameterClass="HashMap" resultClass="java.lang.Integer">
		SELECT COUNT(*) as count
		<include refid="makeupInfo.getMakeupInfoForDataTable_fragment" />
	</select>

	<!-- 根據Id每次增加一次補考次數 -->
	<update id="makeupInfo.addMakeupTimes" parameterClass="String">
		UPDATE c_exam_info_t t set t.add_times = t.add_times + 1 where t.id = #id#
	</update>

	<!-- 根據Id每次減少一次補考次數 -->
	<update id="makeupInfo.reduceMakeupTimes" parameterClass="String">
		UPDATE c_exam_info_t t set t.add_times = t.add_times - 1 where t.id = #id#
	</update>

</sqlMap>