<?xml version="1.0" encoding="UTF-8" ?>
<!DOCTYPE sqlMap PUBLIC "-//ibatis.apache.org//DTD SQL Map 2.0//EN" "http://ibatis.apache.org/dtd/sql-map-2.dtd" >
<sqlMap namespace="MELP_USER" > 
	<typeAlias alias="myUser" type="com.foxconn.gds.sce.melp.model.User"/>
 <!--  parameterClass 传入  ,  resultClass 传出-->
  <select id="query_user_username" resultClass="java.lang.String"  parameterClass="String" >
  	select PASSWORD from MELP_USER
    where upper(user_id)=upper(#username#)
  </select>  
  
   <select id="query_user_userid" resultClass="java.lang.String"  parameterClass="String" >
  	select ID from MELP_USER
    where upper(user_id)=upper(#username#)
  </select>  
  
<!--   <update id= "update_user_password" parameterClass= "examinees">
	update r_examinees_t set status=#status# 
	where EXAM_ROOM_ID=#examRoomId# and emp_no=#empNo# and IS_ENABLE='1'
  </update>  -->
  
  <update id= "updateUserPassword" parameterClass= "java.util.Map" >
	update MELP_USER set PASSWORD=#newPassword#
	where id=#id#
  </update> 
</sqlMap>