<?xml version="1.0" encoding="UTF-8"?>
<!DOCTYPE sqlMap PUBLIC "-//ibatis.apache.org//DTD SQL Map 2.0//EN" "http://ibatis.apache.org/dtd/sql-map-2.dtd">
<sqlMap namespace="fMyExam">
	<select id="listMyExamByEmpNo" parameterClass="java.lang.String" resultClass="com.foxconn.gds.sce.melp.model.VO_ExamRoom">
		SELECT distinct a.ID, a.paper_id paperid, a.start_time starttime, a.end_time endtime,a.room,
		TO_CHAR (a.start_time, 'yyyy/mm/dd')
         || ' ~ '
         || TO_CHAR (NVL (a.end_time, a.start_time), 'yyyy/mm/dd') AS studytime,
		       b.paper_name papername,
		       (  b.number_s * b.score_s
		        + b.number_m * b.score_m
		        + b.number_tf * b.score_tf
		       ) AS totalscore,
		       b.pass_score passscore, b.time_total timetotal,
		       b.exam_times_max examtimesmax,
			   NVL(d.add_times,0) addTimes,
		       NVL ((CASE
		                WHEN d.exam_times - b.exam_times_max > 0
		                   THEN b.exam_times_max
		                ELSE d.exam_times
		             END
		            ),
		            0
		           ) examtimes,
		       CASE
		          WHEN d.exam_times - b.exam_times_max > 0
		             THEN d.exam_times - b.exam_times_max
		          ELSE 0
		       END makeuptimes,
		       getmaxscore (a.ID, upper(#empNo#)) getscore
		  FROM c_exam_room_t a JOIN c_paper_info_t b ON a.paper_id = b.ID
		                                           AND a.is_enable = '1'
		                                           AND b.is_enable = '1'
		       JOIN r_examinees_t c ON c.exam_room_id = a.ID
		                          AND c.is_enable = '1'
		                          AND upper(c.emp_no) = upper(#empNo#)
		       LEFT JOIN c_exam_info_t d ON d.exam_room_id = a.ID
		                               AND d.is_enable = '1'
		                               AND upper(d.emp_no) = upper(#empNo#)
	</select>
	
	<select id="fMyExam.getPaperInfo" parameterClass="java.lang.String" resultClass="com.foxconn.gds.sce.melp.model.PaperInfo">
		SELECT id, paper_name paperName, question_lib_id questionLibId, exam_times_max examTimesMax, time_total timeTotal,
		       pass_score passScore, number_s numberS, number_m numberM, number_tf numberTf, score_s scoreS, score_m scoreM,
		       score_tf scoreTf
		  FROM c_paper_info_t
		 WHERE ID = #paperId#
	</select>
	
	  
	
	<parameterMap id="updateUserExamInfoMap" class="com.foxconn.gds.sce.melp.model.ExamInfo">
		<parameter property="paperId" mode="IN"></parameter>
		<parameter property="examRoomId" mode="IN"></parameter>
		<parameter property="empNo" mode="IN"></parameter>
		<parameter property="creator" mode="IN"></parameter>
	</parameterMap>
	<procedure id="updateUserExamInfo"
		parameterMap="updateUserExamInfoMap">
		{ call myexam_pk.u_exam_info_p (?, ?, ?, ?) }
	</procedure>
	
	<!-- add by F3221829 -->

	<select id="select_count_InLIne_examInfo" resultClass="java.lang.Integer"  parameterClass="java.util.Map">
		SELECT EXAM_TIMES_MAX as ExamTimesMax FROM C_PAPER_INFO_T WHERE  IS_ENABLE = '1' AND ID =#paperId# 
	</select>
	
	<parameterMap id="updateOffLineExamInfoMap" class="com.foxconn.gds.sce.melp.model.ExamInfo">
		<parameter property="paperId" mode="IN"></parameter>
		<parameter property="examRoomId" mode="IN"></parameter>
		<parameter property="empNo" mode="IN"></parameter>
		<parameter property="examTimes" mode="IN"></parameter>
		<parameter property="creator" mode="IN"></parameter>
	</parameterMap>
	<procedure id="updateOffLineExamInfo"
		parameterMap="updateOffLineExamInfoMap">
		{ call myexam_pk.update_exam_info_t (?, ?, ?, ?,?) }
	</procedure>
	<!-- add by F3221829 -->
	
	<parameterMap id="getPaperQuesMap" class="java.util.HashMap">
		<parameter property="paperId" mode="IN"></parameter>
		<parameter property="tf_num" mode="IN"></parameter>
		<parameter property="s_num" mode="IN"></parameter>
		<parameter property="m_num" mode="IN"></parameter>
		<parameter property="MY_CUR" jdbcType="ORACLECURSOR"  javaType="java.sql.ResultSet" mode="OUT"/>
	</parameterMap> 
	<procedure id="fMyExam.getPaperQues" parameterMap="getPaperQuesMap" resultClass="com.foxconn.gds.sce.melp.model.QuestionAndOption">
		{ call myexam_pk.s_paperquestions_p (?, ?, ?, ?, ?) }
	</procedure>
	
	<insert id="fMyExam.insExamResult" parameterClass="com.foxconn.gds.sce.melp.model.ExamResults" >
		INSERT INTO c_exam_results_t
	            (id, paper_id, exam_room_id, emp_no, get_score, creator
	            )
	     VALUES (#id#, #paperId#, #examRoomId#, #empNo#, #getScore#, #creator#
	            )
	</insert>
	
	<insert id="fMyExam.insPaperDetail" parameterClass="com.foxconn.gds.sce.melp.model.PaperDetail">
		INSERT INTO c_paper_detail_t
	            (ID, paper_id, exam_room_id, start_time, end_time, emp_no,
	             creator
	            )
	     VALUES (#id#, #paperId#, #examRoomId#, #startTime#, #endTime#, #empNo#, #creator#
	            )
	</insert>
	
	<insert id="fMyExam.insQuestionDetail" parameterClass="com.foxconn.gds.sce.melp.model.QuestionDetail">
		INSERT INTO c_ques_detail_t
            (paper_detail_id, question_id, question_order, creator
            )
     VALUES (#paperDetailId#,#questionId#,#questionOrder#,#creator#
            )
	</insert>
	
	<insert id="fMyExam.insOptionDetail" parameterClass="com.foxconn.gds.sce.melp.model.OptionDetail">
		INSERT INTO c_option_detail_t
	            (paper_detail_id, option_id, option_order, is_user_answer, creator
	            )
	     VALUES (#paperDetailId#,#optionId#,#optionOrder#,#isUserAnswer#,#creator# )
	</insert>
</sqlMap>