<?xml version="1.0" encoding="UTF-8"?>
<!DOCTYPE sqlMap PUBLIC "-//ibatis.apache.org//DTD SQL Map 2.0//EN" "http://ibatis.apache.org/dtd/sql-map-2.dtd">
<sqlMap namespace="C_OPTION_DETAIL_T">
  <resultMap class="com.foxconn.gds.sce.melp.model.OptionDetail" id="abatorgenerated_OptionDetailResult">
    <!--
      WARNING - This element is automatically generated by Abator for iBATIS, do not modify.
    -->
    <result column="PAPER_DETAIL_ID" jdbcType="CHAR" property="paperDetailId" />
    <result column="OPTION_ID" jdbcType="CHAR" property="optionId" />
    <result column="OPTION_ORDER" jdbcType="DECIMAL" property="optionOrder" />
    <result column="IS_USER_ANSWER" jdbcType="CHAR" property="isUserAnswer" />
    <result column="CREATE_DATE" jdbcType="DATE" property="createDate" />
    <result column="CREATOR" jdbcType="VARCHAR" property="creator" />
    <result column="MODIFY_DATE" jdbcType="DATE" property="modifyDate" />
    <result column="MODIFIER" jdbcType="VARCHAR" property="modifier" />
    <result column="IS_ENABLE" jdbcType="CHAR" property="isEnable" />
  </resultMap>
  <sql id="abatorgenerated_Example_Where_Clause">
    <!--
      WARNING - This element is automatically generated by Abator for iBATIS, do not modify.
    -->
    <iterate conjunction="or" prepend="where" property="oredCriteria" removeFirstPrepend="iterate">
      <isEqual compareValue="true" property="oredCriteria[].valid">
        (
        <iterate conjunction="and" prepend="and" property="oredCriteria[].criteriaWithoutValue">
          $oredCriteria[].criteriaWithoutValue[]$
        </iterate>
        <iterate conjunction="and" prepend="and" property="oredCriteria[].criteriaWithSingleValue">
          $oredCriteria[].criteriaWithSingleValue[].condition$
            #oredCriteria[].criteriaWithSingleValue[].value#
        </iterate>
        <iterate conjunction="and" prepend="and" property="oredCriteria[].criteriaWithListValue">
          $oredCriteria[].criteriaWithListValue[].condition$
          <iterate close=")" conjunction="," open="(" property="oredCriteria[].criteriaWithListValue[].values">
            #oredCriteria[].criteriaWithListValue[].values[]#
          </iterate>
        </iterate>
        <iterate conjunction="and" prepend="and" property="oredCriteria[].criteriaWithBetweenValue">
          $oredCriteria[].criteriaWithBetweenValue[].condition$
          #oredCriteria[].criteriaWithBetweenValue[].values[0]# and
          #oredCriteria[].criteriaWithBetweenValue[].values[1]#
        </iterate>
        )
      </isEqual>
    </iterate>
  </sql>
  <select id="abatorgenerated_selectByPrimaryKey" parameterClass="com.foxconn.gds.sce.melp.model.OptionDetail" resultMap="abatorgenerated_OptionDetailResult">
    <!--
      WARNING - This element is automatically generated by Abator for iBATIS, do not modify.
    -->
    select PAPER_DETAIL_ID, OPTION_ID, OPTION_ORDER, IS_USER_ANSWER, CREATE_DATE, CREATOR,
      MODIFY_DATE, MODIFIER, IS_ENABLE
    from C_OPTION_DETAIL_T
    where PAPER_DETAIL_ID = #paperDetailId:CHAR#
  </select>
  <select id="abatorgenerated_selectByExample" parameterClass="com.foxconn.gds.sce.melp.model.OptionDetailExample" resultMap="abatorgenerated_OptionDetailResult">
    <!--
      WARNING - This element is automatically generated by Abator for iBATIS, do not modify.
    -->
    select PAPER_DETAIL_ID, OPTION_ID, OPTION_ORDER, IS_USER_ANSWER, CREATE_DATE, CREATOR,
      MODIFY_DATE, MODIFIER, IS_ENABLE
    from C_OPTION_DETAIL_T
    <isParameterPresent>
      <include refid="C_OPTION_DETAIL_T.abatorgenerated_Example_Where_Clause" />
      <isNotNull property="orderByClause">
        order by $orderByClause$
      </isNotNull>
    </isParameterPresent>
  </select>
  <delete id="abatorgenerated_deleteByPrimaryKey" parameterClass="com.foxconn.gds.sce.melp.model.OptionDetail">
    <!--
      WARNING - This element is automatically generated by Abator for iBATIS, do not modify.
    -->
    delete from C_OPTION_DETAIL_T
    where PAPER_DETAIL_ID = #paperDetailId:CHAR#
  </delete>
  <delete id="abatorgenerated_deleteByExample" parameterClass="com.foxconn.gds.sce.melp.model.OptionDetailExample">
    <!--
      WARNING - This element is automatically generated by Abator for iBATIS, do not modify.
    -->
    delete from C_OPTION_DETAIL_T
    <include refid="C_OPTION_DETAIL_T.abatorgenerated_Example_Where_Clause" />
  </delete>
  <insert id="abatorgenerated_insert" parameterClass="com.foxconn.gds.sce.melp.model.OptionDetail">
    <!--
      WARNING - This element is automatically generated by Abator for iBATIS, do not modify.
    -->
    insert into C_OPTION_DETAIL_T (PAPER_DETAIL_ID, OPTION_ID, OPTION_ORDER, IS_USER_ANSWER,
      CREATE_DATE, CREATOR, MODIFY_DATE, MODIFIER, IS_ENABLE)
    values (#paperDetailId:CHAR#, #optionId:CHAR#, #optionOrder:DECIMAL#, #isUserAnswer:CHAR#,
      #createDate:DATE#, #creator:VARCHAR#, #modifyDate:DATE#, #modifier:VARCHAR#, #isEnable:CHAR#)
  </insert>
  <update id="abatorgenerated_updateByPrimaryKey" parameterClass="com.foxconn.gds.sce.melp.model.OptionDetail">
    <!--
      WARNING - This element is automatically generated by Abator for iBATIS, do not modify.
    -->
    update C_OPTION_DETAIL_T
    set OPTION_ID = #optionId:CHAR#,
      OPTION_ORDER = #optionOrder:DECIMAL#,
      IS_USER_ANSWER = #isUserAnswer:CHAR#,
      CREATE_DATE = #createDate:DATE#,
      CREATOR = #creator:VARCHAR#,
      MODIFY_DATE = #modifyDate:DATE#,
      MODIFIER = #modifier:VARCHAR#,
      IS_ENABLE = #isEnable:CHAR#
    where PAPER_DETAIL_ID = #paperDetailId:CHAR#
  </update>
  <update id="abatorgenerated_updateByPrimaryKeySelective" parameterClass="com.foxconn.gds.sce.melp.model.OptionDetail">
    <!--
      WARNING - This element is automatically generated by Abator for iBATIS, do not modify.
    -->
    update C_OPTION_DETAIL_T
    <dynamic prepend="set">
      <isNotNull prepend="," property="optionId">
        OPTION_ID = #optionId:CHAR#
      </isNotNull>
      <isNotNull prepend="," property="optionOrder">
        OPTION_ORDER = #optionOrder:DECIMAL#
      </isNotNull>
      <isNotNull prepend="," property="isUserAnswer">
        IS_USER_ANSWER = #isUserAnswer:CHAR#
      </isNotNull>
      <isNotNull prepend="," property="createDate">
        CREATE_DATE = #createDate:DATE#
      </isNotNull>
      <isNotNull prepend="," property="creator">
        CREATOR = #creator:VARCHAR#
      </isNotNull>
      <isNotNull prepend="," property="modifyDate">
        MODIFY_DATE = #modifyDate:DATE#
      </isNotNull>
      <isNotNull prepend="," property="modifier">
        MODIFIER = #modifier:VARCHAR#
      </isNotNull>
      <isNotNull prepend="," property="isEnable">
        IS_ENABLE = #isEnable:CHAR#
      </isNotNull>
    </dynamic>
    where PAPER_DETAIL_ID = #paperDetailId:CHAR#
  </update>
  <select id="abatorgenerated_countByExample" parameterClass="com.foxconn.gds.sce.melp.model.OptionDetailExample" resultClass="java.lang.Integer">
    <!--
      WARNING - This element is automatically generated by Abator for iBATIS, do not modify.
    -->
    select count(*) from C_OPTION_DETAIL_T
    <include refid="C_OPTION_DETAIL_T.abatorgenerated_Example_Where_Clause" />
  </select>
  <update id="abatorgenerated_updateByExampleSelective">
    <!--
      WARNING - This element is automatically generated by Abator for iBATIS, do not modify.
    -->
    update C_OPTION_DETAIL_T
    <dynamic prepend="set">
      <isNotNull prepend="," property="record.paperDetailId">
        PAPER_DETAIL_ID = #record.paperDetailId:CHAR#
      </isNotNull>
      <isNotNull prepend="," property="record.optionId">
        OPTION_ID = #record.optionId:CHAR#
      </isNotNull>
      <isNotNull prepend="," property="record.optionOrder">
        OPTION_ORDER = #record.optionOrder:DECIMAL#
      </isNotNull>
      <isNotNull prepend="," property="record.isUserAnswer">
        IS_USER_ANSWER = #record.isUserAnswer:CHAR#
      </isNotNull>
      <isNotNull prepend="," property="record.createDate">
        CREATE_DATE = #record.createDate:DATE#
      </isNotNull>
      <isNotNull prepend="," property="record.creator">
        CREATOR = #record.creator:VARCHAR#
      </isNotNull>
      <isNotNull prepend="," property="record.modifyDate">
        MODIFY_DATE = #record.modifyDate:DATE#
      </isNotNull>
      <isNotNull prepend="," property="record.modifier">
        MODIFIER = #record.modifier:VARCHAR#
      </isNotNull>
      <isNotNull prepend="," property="record.isEnable">
        IS_ENABLE = #record.isEnable:CHAR#
      </isNotNull>
    </dynamic>
    <isParameterPresent>
      <include refid="C_OPTION_DETAIL_T.abatorgenerated_Example_Where_Clause" />
    </isParameterPresent>
  </update>
  <update id="abatorgenerated_updateByExample">
    <!--
      WARNING - This element is automatically generated by Abator for iBATIS, do not modify.
    -->
    update C_OPTION_DETAIL_T
    set PAPER_DETAIL_ID = #record.paperDetailId:CHAR#,
      OPTION_ID = #record.optionId:CHAR#,
      OPTION_ORDER = #record.optionOrder:DECIMAL#,
      IS_USER_ANSWER = #record.isUserAnswer:CHAR#,
      CREATE_DATE = #record.createDate:DATE#,
      CREATOR = #record.creator:VARCHAR#,
      MODIFY_DATE = #record.modifyDate:DATE#,
      MODIFIER = #record.modifier:VARCHAR#,
      IS_ENABLE = #record.isEnable:CHAR#
    <isParameterPresent>
      <include refid="C_OPTION_DETAIL_T.abatorgenerated_Example_Where_Clause" />
    </isParameterPresent>
  </update>
</sqlMap>