<?xml version="1.0" encoding="UTF-8"?>
<!DOCTYPE sqlMap PUBLIC "-//ibatis.apache.org//DTD SQL Map 2.0//EN" "/sql-map-2.dtd">
<sqlMap namespace="Paper">
	<resultMap class="com.foxconn.gds.sce.melp.model.Paper"
		id="PaperTitle">
		
	
		<result column="paper_name" jdbcType="VARCHAR" property="paperName" />
		<result column="start_time" jdbcType="VARCHAR" property="startTime" />
		<result column="end_time" jdbcType="DECIMAL" property="endTime" />

		<result column="get_score" jdbcType="VARCHAR" property="getScore" />
		<result column="user_id" jdbcType="VARCHAR" property="userId" />
		<result column="username" jdbcType="VARCHAR" property="userName" />
		<result column="pass_score" jdbcType="VARCHAR" property="passScore" />
		<result column="time_total" jdbcType="VARCHAR" property="timeTotal" />
		<result column="NUMBER_S" jdbcType="VARCHAR" property="numberS" /> 
		<result column="NUMBER_M" jdbcType="VARCHAR" property="numberM" /> 
		<result column="NUMBER_TF" jdbcType="VARCHAR" property="numberTF" />
		<result column="SCORE_S" jdbcType="VARCHAR" property="scoreS" />
		<result column="SCORE_M" jdbcType="VARCHAR" property="scoreM" />
		<result column="SCORE_TF" jdbcType="VARCHAR" property="scoreTF" />
		
	</resultMap>
	<resultMap id="PaperContent" class="com.foxconn.gds.sce.melp.model.Paper">
	<result column="question_title" jdbcType="VARCHAR" property="questionTitle" />
		<result column="option_content" jdbcType="VARCHAR" property="optionContent" />
		<result column="question_type" jdbcType="VARCHAR" property="questionType" />
		<result column="question_order" jdbcType="VARCHAR" property="questionOrder" />
		<result column="is_right_answer" jdbcType="VARCHAR" property="isRightAnswer" />
		<result column="option_order" jdbcType="VARCHAR" property="optionOrder" /> 
		<result column="IS_USER_ANSWER" jdbcType="VARCHAR" property="isUserAnswer" /> 
		 
	</resultMap>
	<!-- <select id="showPaper" parameterClass="java.lang.String"
		resultMap="CompletedPaper">
	SELECT b.paper_name, a.start_time, a.end_time, g.get_score, f.user_id,
       f.username, b.pass_score, b.time_total, d.question_title,
       e.option_content, d.question_type, h.question_order, e.is_right_answer,
       i.option_order
  FROM c_paper_detail_t a JOIN c_paper_info_t b ON a.ID = b.ID
       JOIN c_question_lib_t c ON b.question_lib_id = c.ID
       JOIN c_question_t d ON c.ID = d.question_lib_id
       JOIN r_question_options_t e ON e.question_id = d.ID
       JOIN melp_user f ON a.emp_no = f.user_id
       JOIN c_exam_results_t g ON a.ID = g.paper_id
       JOIN c_ques_detail_t h ON a.ID = h.paper_detail_id
       JOIN c_option_detail_t i ON i.option_id = e.ID
       where #paperid#
	
	</select> -->
	<select id="showPaperTitle" resultMap="PaperTitle" parameterClass="java.util.HashMap">
	SELECT b.paper_name, a.start_time, a.end_time, d.get_score, c.user_id,
       c.username, b.pass_score, b.time_total,b.NUMBER_S,b.SCORE_S,b.NUMBER_M,b.SCORE_M,b.NUMBER_TF,b.SCORE_TF
  
  FROM c_paper_detail_t a JOIN c_paper_info_t b ON a.PAPER_ID = b.ID
      
       JOIN melp_user c ON upper(a.emp_no)= upper(c.user_id)
       JOIN c_exam_results_t d ON a.PAPER_ID = d.paper_id and a.ID = d.ID and a.EXAM_ROOM_ID = d.EXAM_ROOM_ID and upper(a.EMP_NO) = upper(d.EMP_NO)
       where a.PAPER_ID=#paperID# and a.EXAM_ROOM_ID=#examRoomID# and upper(a.EMP_NO)=upper(#empNo#) and a.ID=#PAPERDETAILID#
	 <!-- where a.PAPER_ID=#paperID# -->
	</select>
<!-- 	<select id="showPaperContent" resultMap="PaperContent">
	SELECT d.question_title, e.option_content, d.question_type, h.question_order,
       e.is_right_answer, i.option_order
  FROM c_paper_detail_t a JOIN c_paper_info_t b ON a.ID = b.ID
       JOIN c_question_lib_t c ON b.question_lib_id = c.ID
       JOIN c_question_t d ON c.ID = d.question_lib_id
       JOIN r_question_options_t e ON e.question_id = d.ID
       JOIN c_ques_detail_t h ON a.ID = h.paper_detail_id
       JOIN c_option_detail_t i ON i.option_id = e.ID
       
	</select> -->
		<select id="showPaperContent_S" resultMap="PaperContent" parameterClass="java.util.HashMap">
SELECT   DISTINCT c.question_title, e.option_content, c.question_type,
         b.question_order, e.is_right_answer, d.option_order,
         d.is_user_answer
    FROM c_paper_detail_t a JOIN C_QUES_DETAIL_T b ON a.ID = b.PAPER_DETAIL_ID
         join c_question_t c on b.QUESTION_ID=c.ID
         join c_option_detail_t d on d.PAPER_DETAIL_ID=a.ID
         join r_question_options_t e on e.ID=d.OPTION_ID 
         join c_question_t on  e.QUESTION_ID=c.ID  
   WHERE c.question_type = '1' and a.PAPER_ID=#paperID# and a.EXAM_ROOM_ID=#examRoomID# and a.EMP_NO=#empNo# and a.ID=#PAPERDETAILID#
ORDER BY question_order, question_title, option_order ASC
     
	</select>
		<select id="showPaperContent_M" resultMap="PaperContent" parameterClass="java.util.HashMap">
	SELECT  DISTINCT c.question_title, e.option_content, c.question_type,
         b.question_order, e.is_right_answer, d.option_order,
         d.is_user_answer
    FROM c_paper_detail_t a JOIN C_QUES_DETAIL_T b ON a.ID = b.PAPER_DETAIL_ID
         join c_question_t c on b.QUESTION_ID=c.ID
         join c_option_detail_t d on d.PAPER_DETAIL_ID=a.ID
         join r_question_options_t e on e.ID=d.OPTION_ID 
         join c_question_t on  e.QUESTION_ID=c.ID  
   WHERE c.question_type = '2'and a.PAPER_ID=#paperID# and a.EXAM_ROOM_ID=#examRoomID# and a.EMP_NO=#empNo# and a.ID=#PAPERDETAILID#
ORDER BY question_order, question_title, option_order ASC
   
	</select>
		<select id="showPaperContent_TF" resultMap="PaperContent" parameterClass="java.util.HashMap">
	SELECT  DISTINCT c.question_title, e.option_content, c.question_type,
         b.question_order, e.is_right_answer, d.option_order,
         d.is_user_answer
    FROM c_paper_detail_t a JOIN C_QUES_DETAIL_T b ON a.ID = b.PAPER_DETAIL_ID
         join c_question_t c on b.QUESTION_ID=c.ID
         join c_option_detail_t d on d.PAPER_DETAIL_ID=a.ID
         join r_question_options_t e on e.ID=d.OPTION_ID 
         join c_question_t on  e.QUESTION_ID=c.ID  
   WHERE c.question_type = '0' and a.PAPER_ID=#paperID# and a.EXAM_ROOM_ID=#examRoomID# and a.EMP_NO=#empNo# and a.ID=#PAPERDETAILID#
ORDER BY question_order, question_title, option_order ASC
     
	</select>
</sqlMap>