<?xml version="1.0" encoding="UTF-8"?>
<!DOCTYPE sqlMap PUBLIC "-//ibatis.apache.org//DTD SQL Map 2.0//EN" "http://ibatis.apache.org/dtd/sql-map-2.dtd">
<sqlMap namespace="C_PAPER_INFO_T">

    <!--
      WARNING - This element is automatically generated by Abator for iBATIS, do not modify.
     <resultMap class="com.foxconn.gds.sce.melp.model.PaperInfo" id="PaperInfoResult">
     <result column="ID" jdbcType="CHAR" property="id" />
    <result column="PAPER_NAME" jdbcType="VARCHAR" property="paperName" />
    <result column="QUESTION_LIB_ID" jdbcType="CHAR" property="questionLibId" />
    <result column="EXAM_TIMES_MAX" jdbcType="DECIMAL" property="examTimesMax" />
    <result column="TIME_TOTAL" jdbcType="DECIMAL" property="timeTotal" />
    <result column="PASS_SCORE" jdbcType="DECIMAL" property="passScore" />
    <result column="NUMBER_S" jdbcType="DECIMAL" property="numberS" />
    <result column="NUMBER_M" jdbcType="DECIMAL" property="numberM" />
    <result column="NUMBER_TF" jdbcType="DECIMAL" property="numberTf" />
    <result column="SCORE_S" jdbcType="DECIMAL" property="scoreS" />
    <result column="SCORE_M" jdbcType="DECIMAL" property="scoreM" />
    <result column="SCORE_TF" jdbcType="DECIMAL" property="scoreTf" />
    <result column="CREATE_DATE" jdbcType="DATE" property="createDate" />
    <result column="CREATEOR" jdbcType="VARCHAR" property="createor" />
    <result column="MODIFY_DATE" jdbcType="DATE" property="modifyDate" />
    <result column="MODIFIER" jdbcType="VARCHAR" property="modifier" />
    <result column="IS_ENABLE" jdbcType="CHAR" property="isEnable" />
  </resultMap>
    -->
 

   
    <resultMap class="com.foxconn.gds.sce.melp.model.PaperInfo" id="PaperInfoForQueryBy">
     <!-- sql_queryByParam   -->
    <result column="ID" jdbcType="CHAR" property="id" />
    <result column="PAPER_NAME" jdbcType="VARCHAR" property="paperName" />
    <result column="TIME_TOTAL" jdbcType="DECIMAL" property="timeTotal" />
    <result column="PASS_SCORE" jdbcType="DECIMAL" property="passScore" />
    <result column="QUESTION_LIB_ID" jdbcType="CHAR" property="questionLibId" />
    <result column="EXAM_TIMES_MAX" jdbcType="DECIMAL" property="examTimesMax" />
    <result column="LIBNUM_S" jdbcType="DECIMAL" property="libnum_s" />
    <result column="LIBNUM_M" jdbcType="DECIMAL" property="libnum_m" />
    <result column="LIBNUM_IF" jdbcType="DECIMAL" property="libnum_if" />
    <result column="SUMLIBNUM" jdbcType="DECIMAL" property="sumlibnum" />
    <result column="NUMBER_S" jdbcType="DECIMAL" property="numberS" />
    <result column="NUMBER_M" jdbcType="DECIMAL" property="numberM" />
    <result column="NUMBER_TF" jdbcType="DECIMAL" property="numberTf" />
    <result column="SUMNUM" jdbcType="DECIMAL" property="sumnum" />
    <result column="SCORE_S" jdbcType="DECIMAL" property="scoreS" />
    <result column="SCORE_M" jdbcType="DECIMAL" property="scoreM" />
    <result column="SCORE_TF" jdbcType="DECIMAL" property="scoreTf" />
    <result column="SUMSCORE_S" jdbcType="DECIMAL" property="sumscore_s" />
    <result column="SUMSCORE_M" jdbcType="DECIMAL" property="sumscore_m" />
    <result column="SUMSCORE_IF" jdbcType="DECIMAL" property="sumscore_if" />
    <result column="SCORE_TOTAL" jdbcType="DECIMAL" property="scoreTotal" />
    <result column="QUESTION_LIB_NAME" jdbcType="CHAR" property="questionLibName" />
    
  </resultMap>
 
   
  <select id="sql_queryByParam" parameterClass="com.foxconn.gds.sce.melp.model.PaperInfo"  resultMap="PaperInfoForQueryBy">
  SELECT A.ID , A.PAPER_NAME ,A.QUESTION_LIB_ID ,E.QUESTION_LIB_NAME, A.PASS_SCORE , 
   A.TIME_TOTAL ,A.EXAM_TIMES_MAX , D.LIBNUM_S, D.LIBNUM_M,
       D.LIBNUM_IF, (D.LIBNUM_S + D.LIBNUM_M + D.LIBNUM_IF) AS SUMLIBNUM,
       (A.NUMBER_S + A.NUMBER_M + A.NUMBER_TF) AS SUMNUM,
       A.NUMBER_S,A.NUMBER_M,A.NUMBER_TF,A.SCORE_S,A.SCORE_M,A.SCORE_TF,
       (  (A.NUMBER_S * A.SCORE_S)
        + (A.NUMBER_M * A.SCORE_M)
        + (A.NUMBER_TF * A.SCORE_TF)
       ) AS SCORE_TOTAL,
       (A.NUMBER_S * A.SCORE_S) AS SUMSCORE_S,
       (A.NUMBER_M * A.SCORE_M) AS SUMSCORE_M,
       (A.NUMBER_TF * A.SCORE_TF) AS SUMSCORE_IF
  FROM (SELECT *
          FROM C_PAPER_INFO_T
         WHERE IS_ENABLE = '1' ) A
       LEFT JOIN
       (SELECT   C.QUESTION_LIB_ID,
                 MAX (NVL (DECODE (QUESTION_TYPE, '1', LIBNUM), '0'))
                                                                     LIBNUM_S,
                 MAX (NVL (DECODE (QUESTION_TYPE, '0', LIBNUM), '0')
                     ) LIBNUM_IF,
                 MAX (NVL (DECODE (QUESTION_TYPE, '2', LIBNUM), '0'))
                                                                     LIBNUM_M
            FROM (SELECT   B.QUESTION_LIB_ID, B.QUESTION_TYPE,
                           COUNT (*) AS LIBNUM
                      FROM C_QUESTION_T B
                     WHERE B.IS_ENABLE = '1'
                  GROUP BY B.QUESTION_LIB_ID, B.QUESTION_TYPE) C
        GROUP BY C.QUESTION_LIB_ID) D ON A.QUESTION_LIB_ID = D.QUESTION_LIB_ID
        LEFT JOIN C_QUESTION_LIB_T E ON A.QUESTION_LIB_ID=E.ID AND E.IS_ENABLE='1'
 WHERE A.ID =#id#
  </select>
    <!-- AND UPPER(CREATEOR) =#createor#
    <resultMap class="com.foxconn.gds.sce.melp.model.PaperInfo" id="PaperInfoForQuery">
      sql_queryAll
       <result column="ID" jdbcType="CHAR" property="id" />
    <result column="PAPER_NAME" jdbcType="VARCHAR" property="paperName" />
    <result column="TIME_TOTAL" jdbcType="DECIMAL" property="timeTotal" />
    <result column="PASS_SCORE" jdbcType="DECIMAL" property="passScore" />
    <result column="SCORE_TOTAL" jdbcType="DECIMAL" property="scoreTotal" />
  </resultMap>
    -->
    
    
   
  
   
   
  <insert id="sql_insert" parameterClass="com.foxconn.gds.sce.melp.model.PaperInfo">

    insert into C_PAPER_INFO_T (PAPER_NAME, QUESTION_LIB_ID, EXAM_TIMES_MAX, TIME_TOTAL,
      PASS_SCORE,NUMBER_S,NUMBER_M,NUMBER_TF,SCORE_S,SCORE_M,SCORE_TF,CREATEOR)
    values ( #paperName#, #questionLibId#, #examTimesMax#,#timeTotal#, #passScore#,
    #numberS#,#numberM#,#numberTf#,#scoreS#,#scoreM#,#scoreTf#,#createor#)
  </insert>
  <select id="sql_queryAll" parameterClass="java.util.Map" resultClass="java.util.HashMap">
<!-- SELECT A.ID, A.PAPER_NAME, A.PASS_SCORE, A.TIME_TOTAL,
       (  (A.NUMBER_S * A.SCORE_S)
        + (A.NUMBER_M * A.SCORE_M)
        + (A.NUMBER_TF * A.SCORE_TF)
       ) AS SCORE_TOTAL
  FROM C_PAPER_INFO_T A
 WHERE A.IS_ENABLE = '1'  -->
SELECT   ID, PAPER_NAME, PASS_SCORE, TIME_TOTAL, CREATE_DATE,CREATEOR, SCORE_TOTAL,
         CNUM
    FROM (SELECT A.ID, A.PAPER_NAME, A.PASS_SCORE, A.TIME_TOTAL,
                 A.CREATE_DATE,A.CREATEOR,
                 (  (A.NUMBER_S * A.SCORE_S)
                  + (A.NUMBER_M * A.SCORE_M)
                  + (A.NUMBER_TF * A.SCORE_TF)
                 ) AS SCORE_TOTAL,
                 NVL (B.CNUM, 0) AS CNUM
            FROM C_PAPER_INFO_T A
                 LEFT JOIN
                 (SELECT   COUNT (*) AS CNUM, PAPER_ID
                      FROM C_EXAM_ROOM_T C LEFT JOIN C_PAPER_INFO_T B
                           ON C.PAPER_ID = B.ID
                     WHERE C.IS_ENABLE = '1'
                  GROUP BY PAPER_ID) B ON A.ID = B.PAPER_ID
           WHERE A.IS_ENABLE = '1')
   <dynamic prepend ="WHERE">
        <isNotEmpty prepend="AND"  property="DT_USER" >
		   	 UPPER(CREATEOR)=#DT_USER#
	   	</isNotEmpty>
       <isNotEmpty prepend="AND"  property="DT_SEARCH">
	     ( 
	     PAPER_NAME LIKE CONCAT('%', CONCAT(#DT_SEARCH#, '%'))
	    OR PASS_SCORE LIKE CONCAT('%', CONCAT(#DT_SEARCH#, '%'))
	    OR TIME_TOTAL LIKE CONCAT('%', CONCAT(#DT_SEARCH#, '%'))
	    OR SCORE_TOTAL LIKE CONCAT('%', CONCAT(#DT_SEARCH#, '%'))
	    OR CNUM LIKE CONCAT('%', CONCAT(#DT_SEARCH#, '%'))
	    
	   	)
	   	</isNotEmpty>
	   
	</dynamic>
	<dynamic>
	   	<isNotEmpty property="DT_ORDER_COLUMN_SORT" >
		   	ORDER BY $DT_ORDER_COLUMN_SORT$
	   	</isNotEmpty>
	</dynamic>
  
  </select>
  <select id="list_count" parameterClass="java.util.Map" resultClass="java.lang.Integer">
     
<!--  SELECT COUNT(*) AS MCOUNT 
  FROM C_PAPER_INFO_T A
 WHERE A.IS_ENABLE = '1'  modified by lyl 20120828-->
 SELECT   count(1) as MCOUNT
    FROM (SELECT A.ID, A.PAPER_NAME, A.PASS_SCORE, A.TIME_TOTAL,
                 A.CREATE_DATE,A.CREATEOR,A.is_enable,
                 (  (A.NUMBER_S * A.SCORE_S)
                  + (A.NUMBER_M * A.SCORE_M)
                  + (A.NUMBER_TF * A.SCORE_TF)
                 ) AS SCORE_TOTAL,
                 NVL (B.CNUM, 0) AS CNUM
            FROM C_PAPER_INFO_T A
                 LEFT JOIN
                 (SELECT   COUNT (*) AS CNUM, PAPER_ID
                      FROM C_EXAM_ROOM_T C LEFT JOIN C_PAPER_INFO_T B
                           ON C.PAPER_ID = B.ID
                     WHERE C.IS_ENABLE = '1'
                  GROUP BY PAPER_ID) B ON A.ID = B.PAPER_ID
           WHERE A.IS_ENABLE = '1') h
           where is_enable='1'

       <dynamic>
        <isNotEmpty property="DT_USER" >
		   AND UPPER(h.CREATEOR)=#DT_USER#
	   	</isNotEmpty>
       <isNotEmpty property="DT_SEARCH">
	    AND  ( 
	     PAPER_NAME LIKE CONCAT('%', CONCAT(#DT_SEARCH#, '%'))
	    OR PASS_SCORE LIKE CONCAT('%', CONCAT(#DT_SEARCH#, '%'))
	    OR TIME_TOTAL LIKE CONCAT('%', CONCAT(#DT_SEARCH#, '%'))
	    OR SCORE_TOTAL LIKE CONCAT('%', CONCAT(#DT_SEARCH#, '%'))
	    OR CNUM LIKE CONCAT('%', CONCAT(#DT_SEARCH#, '%'))
	    
	   	)
	   	</isNotEmpty>
	   	
	</dynamic>

  </select >
  
   <select id="papername_count" parameterClass="com.foxconn.gds.sce.melp.model.PaperInfo" resultClass="java.lang.Integer">
   SELECT COUNT (*)
  FROM C_PAPER_INFO_T
 WHERE PAPER_NAME =#paperName# AND IS_ENABLE = '1'
        <isNotEmpty property="createor" >
		   	AND UPPER(CREATEOR)=#createor#
	   	</isNotEmpty>
   </select>
   
      <select id="query_papernameexist" parameterClass="com.foxconn.gds.sce.melp.model.PaperInfo" resultClass="com.foxconn.gds.sce.melp.model.PaperInfo">
   SELECT PAPER_NAME as paperName
  FROM C_PAPER_INFO_T
 WHERE ID = #id# AND IS_ENABLE = '1'
        <isNotEmpty property="createor" >
		   	AND UPPER(CREATEOR)=#createor#
	   	</isNotEmpty>
   </select>
   
   <resultMap class="com.foxconn.gds.sce.melp.model.PaperInfo" id="PaperLibDetail">
     <!-- sql_queryLibDetail  -->
    <result column="QUESTION_LIB_ID" jdbcType="CHAR" property="questionLibId" />
    <result column="LIBNUM_S" jdbcType="DECIMAL" property="libnum_s" />
    <result column="LIBNUM_M" jdbcType="DECIMAL" property="libnum_m" />
    <result column="LIBNUM_IF" jdbcType="DECIMAL" property="libnum_if" />
    <result column="SUMLIBNUM" jdbcType="DECIMAL" property="sumlibnum" />
  
  </resultMap>
 <select id="sql_queryLibNumByID" parameterClass="com.foxconn.gds.sce.melp.model.PaperInfo" resultMap="PaperLibDetail">
SELECT QUESTION_LIB_ID,LIBNUM_S,LIBNUM_M,LIBNUM_IF,SUMLIBNUM FROM (
SELECT ID AS QUESTION_LIB_ID,QUESTION_LIB_NAME,NVL(A.LIBNUM_S,0) AS LIBNUM_S,NVL(A.LIBNUM_M,0) AS LIBNUM_M,
NVL(A.LIBNUM_IF,0) AS LIBNUM_IF,NVL(A.SUMLIBNUM,0) AS SUMLIBNUM  FROM C_QUESTION_LIB_T D LEFT JOIN 
(
SELECT QUESTION_LIB_ID, LIBNUM_S, LIBNUM_IF, LIBNUM_M,
      (LIBNUM_S + LIBNUM_IF + LIBNUM_M) AS SUMLIBNUM 
  FROM (SELECT   C.QUESTION_LIB_ID,
                 MAX (NVL (DECODE (QUESTION_TYPE, '1', LIBNUM), '0'))
                                                                     LIBNUM_S,
                 MAX (NVL (DECODE (QUESTION_TYPE, '0', LIBNUM), '0')
                     ) LIBNUM_IF,
                 MAX (NVL (DECODE (QUESTION_TYPE, '2', LIBNUM), '0'))
                                                                     LIBNUM_M
            FROM (SELECT   B.QUESTION_LIB_ID, B.QUESTION_TYPE,
                           COUNT (*) AS LIBNUM
                      FROM C_QUESTION_T B
                     WHERE B.IS_ENABLE = '1'
                  GROUP BY B.QUESTION_LIB_ID, B.QUESTION_TYPE) C
        GROUP BY C.QUESTION_LIB_ID)
        ) A ON D.ID=A.QUESTION_LIB_ID
        ) E
 WHERE E.QUESTION_LIB_ID = #questionLibId#
  </select>
  
   <update id="sql_update" parameterClass="com.foxconn.gds.sce.melp.model.PaperInfo">
    update C_PAPER_INFO_T
    set PAPER_NAME = #paperName#,
      QUESTION_LIB_ID = #questionLibId#,
      EXAM_TIMES_MAX = #examTimesMax#,
      TIME_TOTAL = #timeTotal#,
      PASS_SCORE = #passScore#,
      NUMBER_S = #numberS#,
      NUMBER_M = #numberM#,
      NUMBER_TF = #numberTf#,
      SCORE_S = #scoreS#,
      SCORE_M = #scoreM#,
      SCORE_TF = #scoreTf#,
      MODIFY_DATE = #modifyDate#,
      MODIFIER = #modifier#
    where ID = #id# 
  </update> 

   <update id="sql_delete" parameterClass="com.foxconn.gds.sce.melp.model.PaperInfo">
   <!-- delete from C_PAPER_INFO_T
    where ID = #id# --> 
    
    update C_PAPER_INFO_T set IS_ENABLE = '0',MODIFIER = #modifier#,MODIFY_DATE=SYSDATE  where ID = #id#
  </update> 
  
  <resultMap class="com.foxconn.gds.sce.melp.model.PaperInfo" id="papernameid">
     <!-- sql_queryLibDetail  -->
    <result column="ID" jdbcType="CHAR" property="id" />
    <result column="PAPER_NAME" jdbcType="VARCHAR" property="paperName" />
  
  </resultMap>
  <select id="query_paperNameList" parameterClass="com.foxconn.gds.sce.melp.model.PaperInfo" resultMap="papernameid">
SELECT DISTINCT ID, PAPER_NAME
           FROM C_PAPER_INFO_T
          WHERE IS_ENABLE = '1' 
        <isNotEmpty property="createor" >
		   AND upper(CREATEOR)=#createor#
	   	</isNotEmpty>
  </select>
</sqlMap>