<?xml version="1.0" encoding="UTF-8" ?>
<!DOCTYPE sqlMap PUBLIC "-//ibatis.apache.org//DTD SQL Map 2.0//EN" "http://ibatis.apache.org/dtd/sql-map-2.dtd" >
<sqlMap namespace="R_QUESTION_OPTIONS_T" >
  <resultMap id="abatorgenerated_QuestionOptionsResult" class="com.foxconn.gds.sce.melp.model.QuestionOptions" >
    <!--
      WARNING - This element is automatically generated by Abator for iBATIS, do not modify.
    -->
    <result column="ID" property="id" jdbcType="CHAR" />
    <result column="QUESTION_ID" property="questionId" jdbcType="CHAR" />
    <result column="IS_RIGHT_ANSWER" property="isRightAnswer" jdbcType="CHAR" />
    <result column="OPTION_CONTENT" property="optionContent" jdbcType="VARCHAR" />
    <result column="CREATE_DATE" property="createDate" jdbcType="DATE" />
    <result column="CREATOR" property="creator" jdbcType="VARCHAR" />
    <result column="MODIFY_DATE" property="modifyDate" jdbcType="DATE" />
    <result column="MODIFIER" property="modifier" jdbcType="VARCHAR" />
    <result column="IS_ENABLE" property="isEnable" jdbcType="CHAR" />
  </resultMap>
  <typeAlias alias="questionOptions" type="com.foxconn.gds.sce.melp.model.QuestionOptions"/>
   <insert id="QuestionOptions.addOptions"  parameterClass="QuestionOptions">
   insert into R_QUESTION_OPTIONS_T
         (QUESTION_ID,IS_RIGHT_ANSWER,OPTION_CONTENT,CREATOR)
   values(#questionId#,#isRightAnswer#,#optionContent#,#creator#)
   </insert>
   
   <update id="delOptions" parameterClass="java.lang.String"  >
   update R_QUESTION_OPTIONS_T
    set is_enable='0'
    where trim(id)=trim(#optionid#)
    and is_enable='1'
   </update>
   
   <insert id="questionOption.addOptionsForImport"   parameterClass="java.util.Map" >
   insert into R_QUESTION_OPTIONS_T
         (QUESTION_ID,IS_RIGHT_ANSWER,OPTION_CONTENT,CREATOR)
   values(#questionID#,#isRightAnswer#,#optionContent#,#creator#)
   </insert>
</sqlMap>