<?xml version="1.0" encoding="UTF-8"?>

<!DOCTYPE sqlMap PUBLIC "-//ibatis.apache.org//DTD SQL Map 2.0//EN" "http://ibatis.apache.org/dtd/sql-map-2.dtd">
<sqlMap namespace="QuestionnaireStatistics">


	<resultMap class="com.foxconn.gds.sce.melp.model.QuestionnaireStatistics"
		id="Cstatistics">
	<result column="course_name" jdbcType="VARCHAR" property="courseName" />
		<result column="class_name" jdbcType="VARCHAR" property="className" />
	</resultMap>
	<resultMap class="com.foxconn.gds.sce.melp.model.QuestionnaireStatistics"
		id="statistics">
		<result column="part_name" jdbcType="VARCHAR" property="partName" />
		<result column="content" jdbcType="VARCHAR" property="ev_Content" />
		<result column="acount" jdbcType="DECIMAL" property="a_Count" />
		<result column="bcount" jdbcType="DECIMAL" property="b_Count" /> 
		<result column="ccount" jdbcType="DECIMAL" property="c_Count" /> 
		<result column="dcount" jdbcType="DECIMAL" property="d_Count" /> 
		<result column="ecount" jdbcType="DECIMAL" property="e_Count" />
		<result column="a_c" jdbcType="DECIMAL" property="a_C" />
		<result column="b_c" jdbcType="DECIMAL" property="b_C" /> 
		<result column="c_c" jdbcType="DECIMAL" property="c_C" /> 
		<result column="d_c" jdbcType="DECIMAL" property="d_C" /> 
		<result column="e_c" jdbcType="DECIMAL" property="e_C" />
	</resultMap>

	 <select id="statisticscontent_S"  resultMap="Cstatistics" parameterClass="java.util.HashMap">
	 select tt.course_name,DECODE (#classID#, '', '', ff.class_name) AS class_name from
       c_course_info_t tt,
       c_class_t ff
      where   tt.ID = ff.course_id(+)
          AND ff.ID LIKE CONCAT ('%', CONCAT (#classID#, '%'))
             AND tt.ID LIKE CONCAT ('%', CONCAT (#ID#, '%'))
           
  </select>
	 <select id="statisticscontent_P"  resultMap="statistics" parameterClass="java.util.HashMap">
	 
	
SELECT PART_NAME, CONTENT, A_COUNT A_C, B_COUNT B_C, C_COUNT C_C, D_COUNT D_C,
       E_COUNT E_C,
       ROUND (A_COUNT / DECODE (ALL_COUNT, 0, 1, ALL_COUNT) * 100, 2) ACOUNT,
       ROUND (B_COUNT / DECODE (ALL_COUNT, 0, 1, ALL_COUNT) * 100, 2) BCOUNT,
       ROUND (C_COUNT / DECODE (ALL_COUNT, 0, 1, ALL_COUNT) * 100, 2) CCOUNT,
       ROUND (D_COUNT / DECODE (ALL_COUNT, 0, 1, ALL_COUNT) * 100, 2) DCOUNT,
       ROUND (E_COUNT / DECODE (ALL_COUNT, 0, 1, ALL_COUNT) * 100, 2) ECOUNT
  FROM (SELECT   A.COURSE_NAME, B.CLASS_NAME, D.PART_NAME, D.CONTENT,
                 D.ITEM_ORDER, SUM (NVL (C.A_COUNT, 0)) AS A_COUNT,
                 SUM (NVL (C.B_COUNT, 0)) B_COUNT,
                 SUM (NVL (C.C_COUNT, 0)) C_COUNT,
                 SUM (NVL (C.D_COUNT, 0)) D_COUNT,
                 SUM (NVL (C.E_COUNT, 0)) E_COUNT,
                   SUM (NVL (C.A_COUNT, 0))
                 + SUM (NVL (C.B_COUNT, 0))
                 + SUM (NVL (C.C_COUNT, 0))
                 + SUM (NVL (C.D_COUNT, 0))
                 + SUM (NVL (C.E_COUNT, 0)) ALL_COUNT
            FROM C_COURSE_INFO_T A,
                 C_EVALUATION_RESULT_T C,
                 C_EVALUATION_ITEMS_T D,
                 (SELECT COURSE_ID, ID, IS_ENABLE,
                         DECODE (#classID#, '', '', CLASS_NAME) AS CLASS_NAME
                    FROM C_CLASS_T
                   WHERE IS_ENABLE = '1') B
           WHERE A.ID = B.COURSE_ID
             AND C.COURSE_ID = A.ID
             AND A.IS_ENABLE = '1'
             AND C.IS_ENABLE = '1'
             AND B.ID = C.CLASS_ID
             AND D.ID = C.EVALUATION_ID
	<isNotEmpty prepend="and" property="ID"  >
     A.ID = #ID# 
  	</isNotEmpty> 
	<isNotEmpty prepend="and" property="classID"  >
    B.ID = #classID# 
  	</isNotEmpty> 
    GROUP BY A.COURSE_NAME,
                 B.CLASS_NAME,
                 D.PART_NAME,
                 D.CONTENT,
                 D.ITEM_ORDER
        ORDER BY ITEM_ORDER)
</select>           
    
 
 
 
</sqlMap>
