<?xml version="1.0" encoding="UTF-8"?>
<!DOCTYPE sqlMap PUBLIC "-//ibatis.apache.org//DTD SQL Map 2.0//EN" "http://ibatis.apache.org/dtd/sql-map-2.dtd">

<sqlMap namespace="C_EVALUATION_ITEMS_T" >
  
  
	<resultMap class="com.foxconn.gds.sce.melp.model.Questionnaires"
		id="QuestionnairesPart">
		
		<result column="PART_NAME" jdbcType="VARCHAR" property="partName" />
		<result column="CONTENT" jdbcType="VARCHAR" property="evContent" />
		<result column="ID" jdbcType="VARCHAR" property="itemID" />
	</resultMap>
	 	<select id="getQuestionnairesCount"  parameterClass="java.lang.String" resultClass="java.lang.Integer">
       select count(ID) from C_EVALUATION_ITEMS_T
         where course_id='0'
         and IS_ENABLE='1'
         and CREATE_USER=#userid#
          order by ITEM_ORDER
	</select>
	<select id="Questionnaires_P" resultMap="QuestionnairesPart" parameterClass="java.lang.String">
       select ID,PART_NAME,CONTENT from C_EVALUATION_ITEMS_T
         where course_id='0'
         and IS_ENABLE='1'
         and CREATE_USER=#userid#
          order by ITEM_ORDER
	</select>
	<!-- 	<select id="Questionnaires_P_User" resultMap="QuestionnairesPart" parameterClass="java.lang.String">
       select ID,PART_NAME,CONTENT from C_EVALUATION_ITEMS_T
         where course_id='0'
         and IS_ENABLE='1'
         and CREATE_USER=#userid#
          order by ITEM_ORDER
	</select> //added by lyl
	 <select id="getQuestionnairesCount" parameterClass="java.lang.String" resultClass="Integer">
	  select count(1) from C_EVALUATION_ITEMS_T
         where course_id='0'
         and IS_ENABLE='1'
         and CREATE_USER=#userid#
	 </select> //added by lyl -->
	 <update id="deleteEvalution_result" parameterClass="java.util.Map">
  	   UPDATE
        C_EVALUATION_RESULT_T
         SET
        IS_ENABLE = '0',
        MODIFY_DATE=SYSDATE,
        MODIFY_USER=#creator#
        WHERE IS_ENABLE = '1'
       and  EVALUATION_ID in( select ID from C_EVALUATION_ITEMS_T
        where IS_ENABLE = '1'
        and COURSE_ID ='0' 
        and CREATE_USER=#creator#)
  	</update> 

	   <update id="deleteQuestionnairesItems" parameterClass="java.util.Map">
  		UPDATE
  		C_EVALUATION_ITEMS_T
  		SET
		IS_ENABLE = '0',
		MODIFY_DATE=SYSDATE,
		MODIFY_USER=#creator#
		WHERE
		COURSE_ID ='0'
		and CREATE_USER=#creator#
  	</update> 
	<insert id="insertQuestionnairesItems" parameterClass="java.util.Map">
     INSERT INTO
		C_EVALUATION_ITEMS_T(ID,PART_NAME,CONTENT,COURSE_ID,CREATE_DATE,CREATE_USER,MODIFY_DATE,MODIFY_USER,IS_ENABLE,ITEM_ORDER)VALUES
		(#questionID#,#questionPart#,#questionTitle#,'0',SYSDATE,#creator#,SYSDATE,#modifier#,'1',EVALUATION_ORDER.NEXTVAL)
	</insert>
	 <update id="updateEvRecord" parameterClass="java.util.Map">
 
  	MERGE INTO c_evaluation_result_t a
   USING (SELECT #questionId# questionID,#courseID# courseID,#classID# classID   FROM DUAL) b       
   ON (a.evaluation_id = b.questionID and a.class_id=classID and a.course_id=courseID)
   WHEN MATCHED THEN
   update
   set a_count=a_count+#aCount#,b_count=b_count+#bCount#,c_count=c_count+#cCount#,d_count=d_count+#dCount#,e_count=e_count+#eCount#,
       modify_date=sysdate,modify_user=#empNo#
     
    WHEN NOT MATCHED THEN
      INSERT (id, course_id, class_id, evaluation_id, a_count, b_count,c_count,d_count,e_count,create_date,create_user,is_enable)             
    VALUES (sys_guid(), #courseID#,#classID#,#questionId#, #aCount#,#bCount#,#cCount#,#dCount#,#eCount#, sysdate,#empNo#,'1')  
  	</update> 
  	<select id="getEvType"  parameterClass="java.lang.String" resultClass="java.lang.Integer">
       select ev_settings from C_course_info_T
         where id=#courseID#
         and IS_ENABLE='1'
	</select>
		<select id="getCourseCreator"  parameterClass="java.lang.String" resultClass="java.lang.String">
       select create_user from C_course_info_T
         where id=#courseID#
         and IS_ENABLE='1'
	</select>
	<select id="EvaluateCourse" resultMap="QuestionnairesPart" parameterClass="java.util.Map">
       select ID,PART_NAME,CONTENT from C_EVALUATION_ITEMS_T
         where course_id=#courseID#
         and IS_ENABLE='1'
         and CREATE_USER=#userid#
          order by ITEM_ORDER
	</select>
	 
		<select id="EvaluateQuetionnaires" resultMap="QuestionnairesPart" parameterClass="java.util.Map">
       select ID,PART_NAME,CONTENT from C_EVALUATION_ITEMS_T
         where course_id=#courseID#
         and IS_ENABLE='1'
         and create_user=#courseCreator#
        <!--  and create_user=decode(#courseID#,'0','Admin',create_user) modified by lyl-->
          order by ITEM_ORDER
	</select>
  <!--  INSERT INTO r_eva_record
            (ID, course_id, class_id, emp_no, eva_times, create_date,
             creator, is_enable
            )
     VALUES (SYS_GUID (),'1', '1', '1', 1, SYSDATE,
             '1', '1'
            )          
 -->	
	<insert id="insertEvRecord" parameterClass="java.util.Map">
	INSERT INTO R_EVA_RECORD
            (ID, COURSE_ID, CLASS_ID, EMP_NO, EVA_TIMES, CREATE_DATE,
             CREATOR, IS_ENABLE
            )
     VALUES (SYS_GUID (), #COURSE_ID#, #CLASS_ID#, #EMP_NO#, '1', SYSDATE,
             #EMP_NO#, '1'
            )
	</insert>
</sqlMap>
