<?xml version="1.0" encoding="UTF-8"?>
<!DOCTYPE sqlMap PUBLIC "-//ibatis.apache.org//DTD SQL Map 2.0//EN" "http://ibatis.apache.org/dtd/sql-map-2.dtd">
<sqlMap namespace="C_QUESTION_LIB_T">
  
 <!-- WHERE BY 語句內 取參數值，用#...#獲住 --> 
  <sql id="QuestionLib.listWithName_fragment">
	     FROM C_QUESTION_LIB_T A
 WHERE A.IS_ENABLE = '1'
  	<dynamic>
  		<isNotEmpty property="DT_SEARCH">
  		AND a.QUESTION_LIB_NAME LIKE CONCAT('%',CONCAT(#DT_SEARCH#,'%'))
	   	</isNotEmpty>
	   <isNotEmpty property="CONDITION">
	   	and UPPER(A.CREATOR)=UPPER(#CONDITION#)
	   	</isNotEmpty>
	   	
	</dynamic>	    
  </sql>  
 
 <typeAlias alias="questionLib" type="com.foxconn.gds.sce.melp.model.QuestionLib"/>
  <select   id="QuestionLib.findAllQuestionLib" parameterClass="java.util.Map" resultClass="java.util.HashMap" >
   SELECT   A.QUESTION_LIB_NAME AS QUESTIONLIBNAME, A.ID AS ID,
         CASE
            WHEN A.ID IN (SELECT QUESTION_LIB_ID
                            FROM C_PAPER_INFO_T
                           WHERE IS_ENABLE = '1')
               THEN 1
            ELSE 0
         END FLAG
    
 
   <include refid="QuestionLib.listWithName_fragment"/>
  <dynamic>
<!-- ORDER BY 語句內 取參數值，用$...$夾住 -->	
	   	<isNotEmpty property="DT_ORDER_COLUMN_SORT" >
		   	ORDER BY  $DT_ORDER_COLUMN_SORT$ ,A.CREATE_DATE desc
	   	</isNotEmpty>	
	</dynamic>
  </select >
  
  <select id="QuestionLib.findAllQuestionLib_count" parameterClass="java.util.Map" resultClass="java.lang.Integer">
	 SELECT COUNT(*) AS COUNT
	<include refid="QuestionLib.listWithName_fragment"/>
  </select>  
  
  <!-- The lines below from C_QUESTION_LIB_T_SqlMap.xml added by wesley.shen -->
  
 <typeAlias alias="questionLib" type="com.foxconn.gds.sce.melp.model.QuestionLib"/>
  
  <select   id="findAllByNameSequence" parameterClass="questionLib" resultClass="questionLib" >
  select 
  a.QUESTION_LIB_NAME as questionLibName,a.ID as id
  from C_QUESTION_LIB_T a
  where a.IS_ENABLE='1'
 
  <dynamic>
  	<isNotEmpty prepend="and" property="questionLibName"  >
  	   upper(a.QUESTION_LIB_NAME)= upper('%'||trim(#questionLibName#)||'%')
  	</isNotEmpty>
  	<isNotEmpty prepend="and" property="creator" >
  	  upper(trim(a.creator))=upper(trim(#creator#))
  	</isNotEmpty >
  </dynamic>
  </select >
    
  
  <insert parameterClass="questionLib"  id="addQuestionLib">
  insert into   C_QUESTION_LIB_T(question_lib_name,create_date,creator,is_enable)
   values(#questionLibName#,sysdate,#creator#,'1')
  </insert>
  
  <update  id="updateQuestionLib"  parameterClass="questionLib">
  update C_QUESTION_LIB_T  
  set QUESTION_LIB_NAME=#questionLibName#,
      MODIFIER=#modifier#,
      MODIFY_DATE=sysdate
      where is_enable='1'
      and id=#id#
  </update>
  
  <update id="deleteQuestionLib"  parameterClass="questionLib">
  update C_QUESTION_LIB_T  
  set is_enable='0',
      MODIFIER=#modifier#,
      MODIFY_DATE=sysdate
 where is_enable='1'
      and trim(ID)=trim(#id#)
  </update>
  
  	
  <select parameterClass="java.lang.String"  resultClass="java.lang.Integer" id="paper.selPaperByLibid">
  select count(*) as counts
from C_PAPER_INFO_T a
where question_lib_id=#libid#
and is_enable='1'
  </select>
  
  
  
</sqlMap>