<?xml version="1.0" encoding="UTF-8"?>
<!DOCTYPE sqlMap PUBLIC "-//ibatis.apache.org//DTD SQL Map 2.0//EN" "http://ibatis.apache.org/dtd/sql-map-2.dtd">
<sqlMap namespace="C_QUESTION_T">
<typeAlias alias="question" type="com.foxconn.gds.sce.melp.model.Question"/>



 <sql id="Question.listWithName_fragment">
 from
 (
 SELECT   ID AS ID, QUESTION_LIB_ID AS QUESTIONLIBID,
         CASE
            WHEN QUESTION_TYPE = '0'
               THEN '判斷題'
            WHEN QUESTION_TYPE = '1'
               THEN '單選題'
            WHEN QUESTION_TYPE = '2'
               THEN '多選題'
         END AS QUESTIONTYPE,
         QUESTION_TITLE AS QUESTIONTITLE,
         CASE
            WHEN PRIORITY = '0'
               THEN '非必答'
            WHEN PRIORITY = '1'
               THEN '必答'
         END AS PRIORITY,
         CREATE_DATE
 
 
	    FROM C_QUESTION_T
   WHERE IS_ENABLE = '1' )e
   where 1=1
  	<dynamic>
  		<isNotEmpty property="DT_SEARCH">
  		and (e.QUESTIONTITLE LIKE CONCAT('%',CONCAT(#DT_SEARCH#,'%'))
  		   or e.QUESTIONTYPE LIKE CONCAT('%',CONCAT(#DT_SEARCH#,'%'))
  		   or e.PRIORITY LIKE CONCAT('%',CONCAT(#DT_SEARCH#,'%'))
  		)
	   	</isNotEmpty>
	   	<isNotEmpty property="dt_LibID">
	   	AND TRIM (QUESTIONLIBID) = TRIM (#dt_LibID#)
	   	</isNotEmpty>
	</dynamic>	    
  </sql>  


<select id="Question.findAllQuestion" parameterClass="java.util.Map" resultClass="java.util.HashMap">
select ID, QUESTIONLIBID, QUESTIONTYPE, QUESTIONTITLE, PRIORITY,CREATE_DATE



 <include refid="Question.listWithName_fragment"/>
<dynamic>
<!-- ORDER BY 語句內 取參數值，用$...$夾住 -->	
	   	<isNotEmpty property="DT_ORDER_COLUMN_SORT" >
		   	ORDER BY  $DT_ORDER_COLUMN_SORT$ ,CREATE_DATE desc
	   	</isNotEmpty>	
	</dynamic>
</select>


<select id="Question.findAllQuestion_count" parameterClass="java.util.Map" resultClass="java.lang.Integer">
	 SELECT COUNT(*) AS COUNT
	<include refid="Question.listWithName_fragment"/>
  </select>  
  
  <!-- The lines below from C_QUESTION_LIB_T_SqlMap.xml added by wesley.shen -->

  <typeAlias alias="question" type="com.foxconn.gds.sce.melp.model.Question"/>
  <select id="findAllQuestionByLibID" parameterClass="question" resultClass="question" >
   select  id as id, question_lib_id as  questionLibId,
          case when question_type='0' then '判斷題' 
               when question_type='1' then '單選題'
               when question_type='2' then '多選題' end as questionType,
           question_title as  questionTitle,
          case when priority='0' then '非必答'
               when priority='1' then '必答' end as priority
   from C_QUESTION_T 
   where is_enable='1'
     and trim(question_lib_id)=trim(#questionLibId#)
   order by question_type asc,priority asc
   </select>
   <insert id="addQuestionTitle" parameterClass="question">
   
   insert into 
    C_QUESTION_T(ID,QUESTION_LIB_ID,
            QUESTION_TYPE,QUESTION_TITLE,PRIORITY,CREATOR)
    values(#id#,#questionLibId#,#questionType#,#questionTitle#,#priority#,#creator#)
   </insert>
   <update id="delQuestionByID" parameterClass="question">
   update C_QUESTION_T
      set is_enable='0',
          MODIFIER=#modifier#,
          MODIFY_DATE=sysdate
     where trim(id)=trim(#id#)
     and is_enable='1'
   </update>
   
   <update id="delOptionByID"   parameterClass="question" >
   update R_QUESTION_OPTIONS_T
    set is_enable='0',
        MODIFIER=#modifier#,
        MODIFY_DATE=sysdate
    where trim(question_id)=trim(#id#)
    and is_enable='1'
   </update>
  
    <insert id="question.addTitle"   parameterClass="java.util.Map">
    insert into 
    C_QUESTION_T(ID,QUESTION_LIB_ID,
            QUESTION_TYPE,QUESTION_TITLE,PRIORITY,CREATOR)
    values(#questionID#,#questionLibID#,#questionType#,#questionTitle#,#priority#,#creator#)
    </insert>
    
    
    <select id="question.selQuestionForExport" parameterClass="java.util.Map"  resultClass="java.util.HashMap">
   
/* Formatted on 2012/01/02 17:30 (Formatter Plus v4.8.8) */
SELECT KK.QUESTION_TITLE, KK.QUESTION_TYPE, KK.A, KK.B, KK.C, KK.D, KK.E,
       TT.RIGHT_ANWER,kk.PRIORITY
  FROM (SELECT   HH.ID, HH.QUESTION_TITLE,
                 CASE
                    WHEN HH.QUESTION_TYPE = 0
                       THEN '判斷'
                    WHEN HH.QUESTION_TYPE = 1
                       THEN '單選'
                    WHEN HH.QUESTION_TYPE = 2
                       THEN '多選'
                 END QUESTION_TYPE,
                 MAX (HH.A) A, MAX (HH.B) B, MAX (HH.C) C, MAX (HH.D) D,
                 MAX (HH.E) E,hh.PRIORITY
            FROM (SELECT FF.ID, FF.QUESTION_TITLE, FF.QUESTION_TYPE, FF.A,
                         FF.B, FF.C, FF.D, FF.E,ff.PRIORITY
                    FROM (SELECT EE.*,
                                 DECODE (EE.RN, 1, EE.OPTION_CONTENT, '') A,
                                 DECODE (EE.RN, 2, EE.OPTION_CONTENT, '') B,
                                 DECODE (EE.RN, 3, EE.OPTION_CONTENT, '') C,
                                 DECODE (EE.RN, 4, EE.OPTION_CONTENT, '') D,
                                 DECODE (EE.RN, 5, EE.OPTION_CONTENT, '') E
                            FROM (SELECT A.ID, A.QUESTION_TITLE, case when a.PRIORITY=1 then 'Y' else 'N' end PRIORITY,
                                         A.QUESTION_TYPE, B.IS_RIGHT_ANSWER,
                                         B.OPTION_CONTENT,
                                         ROW_NUMBER () OVER (PARTITION BY a.id ORDER BY a.id)
                                                                           RN
                                    FROM C_QUESTION_T A,
                                         R_QUESTION_OPTIONS_T B
                                   WHERE A.QUESTION_LIB_ID =
                                            #libid#
                                     AND A.IS_ENABLE = '1'
                                     AND B.IS_ENABLE = '1'
                                     AND A.ID = B.QUESTION_ID) EE) FF) HH
        GROUP BY HH.ID, HH.QUESTION_TITLE, HH.QUESTION_TYPE,hh.PRIORITY) KK
       LEFT JOIN
       (SELECT   ID, 
       rtrim(ltrim(replace(replace(replace(MAX (SUBSTR (STR, 2)),',,,',',,'),',,',','),',,',','),','),',') RIGHT_ANWER
            FROM (SELECT     MM.ID,
                             SYS_CONNECT_BY_PATH (MM.RIGHT_NUMBER, ',') STR
                        FROM (SELECT RR.ID, RR.RIGHT_NUMBER,
                                     
                                                                           RN
                                FROM (SELECT UU.ID,
                                             CASE
                                                WHEN UU.IS_RIGHT_ANSWER =
                                                             'Y'
                                                   THEN CASE
                                                          WHEN UU.RN =
                                                                 '1'
                                                             THEN 'A'
                                                          WHEN UU.RN =
                                                                 '2'
                                                             THEN 'B'
                                                          WHEN UU.RN =
                                                                 '3'
                                                             THEN 'C'
                                                          WHEN UU.RN =
                                                                 '4'
                                                             THEN 'D'
                                                          WHEN UU.RN =
                                                                 '5'
                                                             THEN 'E'
                                                       END
                                             END RIGHT_NUMBER,RN
                                        FROM (SELECT DD.ID, QUESTION_TITLE,
                                                     DD.QUESTION_TYPE,
                                                     IS_RIGHT_ANSWER,
                                                     OPTION_CONTENT,
                                                     ROW_NUMBER () OVER (PARTITION BY DD.ID ORDER BY DD.ID)
                                                                           RN
                                                FROM C_QUESTION_T DD,
                                                     R_QUESTION_OPTIONS_T WW
                                               WHERE DD.QUESTION_LIB_ID =
                                                        #libid#
                                                 AND DD.IS_ENABLE = '1'
                                                 AND WW.IS_ENABLE = '1'
                                                 AND DD.ID = WW.QUESTION_ID) UU) RR

                   
                               ) MM
                  START WITH MM.RN = 1
                  CONNECT BY MM.RN = PRIOR MM.RN+1 
                  AND ID = PRIOR MM.ID
                  ) AAA
        GROUP BY AAA.ID) TT ON KK.ID = TT.ID
        order by kk.question_type desc
        <isNotEmpty property="DT_SEARCH">
  		where (QUESTION_TITLE LIKE CONCAT('%',CONCAT(#DT_SEARCH#,'%'))
  		   or QUESTION_TYPE LIKE CONCAT('%',CONCAT(#DT_SEARCH#,'%')))
	   	</isNotEmpty>
    </select>
    
  
  
  
</sqlMap>