<?xml version="1.0" encoding="UTF-8"?>
<!DOCTYPE sqlMap PUBLIC "-//ibatis.apache.org//DTD SQL Map 2.0//EN" "http://ibatis.apache.org/dtd/sql-map-2.dtd">
<sqlMap namespace="C_STUDY_RECORD_T">

<!-- WHERE BY 語句內 取參數值，用#...#獲住 --> 
<sql id="StudyRecord.listWithName_fragment">
FROM (SELECT A.CLASS_NO, A.CLASS_NAME, A.CREATE_USER, B.EMP_NO,
               C.START_TIME STUDY_START_TIME, C.END_TIME STUDY_END_TIME,
               D.COURSE_NAME,
        TRUNC ((c.end_time - c.start_time) * 24 * 60 * 60 / 3600)
       || ':'
       || TRUNC (MOD ((c.end_time - c.start_time) * 24 * 60 * 60, 3600) / 60)
       || ':'
       || round(MOD (  (c.end_time - c.start_time) * 24 * 60 * 60
               - TRUNC ((c.end_time - c.start_time) * 24 * 60 * 60 / 3600) * 3600
               -   TRUNC (  MOD ((c.end_time - c.start_time) * 24 * 60 * 60, 3600)
                          / 60
                         )
                 * 60,
               60
              )) STUDY_HOUR,
               <!-- CEIL ((C.END_TIME - C.START_TIME) * 24 * 60) STUDY_HOUR,
             (TO_DATE (TO_CHAR (end_time, 'yyyy/MM/dd HH24:mi'),
                  'yyyy/MM/dd HH24:mi'
                 )
       - TO_DATE (TO_CHAR (start_time, 'yyyy/MM/dd HH24:mi'),
                  'yyyy/MM/dd HH24:mi'
                 ))*24*60 STUDY_HOUR, -->
               D.COURSE_HOUR, F.USERNAME
          FROM C_CLASS_T A LEFT JOIN C_CLASS_MEMBER_T B
               ON A.ID = B.CLASS_ID AND B.IS_ENABLE = '1'
               LEFT JOIN C_LEARNING_INFO_T C
               ON upper(C.EMP_NO) = upper(B.EMP_NO)
             AND C.IS_ENABLE = '1'
             AND C.CLASS_ID = A.ID
               LEFT JOIN C_COURSE_INFO_T D
              <!--  ON A.COURSE_ID = D.ID AND D.IS_ENABLE = '1' -->
              ON A.COURSE_ID = D.ID
               LEFT JOIN MELP_USER F ON upper(B.EMP_NO) = upper(F.USER_ID)<!-- modified by lyl --> 
                                        AND F.ENABLE = '1'
         WHERE A.IS_ENABLE = '1'
           AND B.EMP_NO IS NOT NULL
           AND C.EMP_NO IS NOT NULL) E
     where 1=1
   <dynamic>
   <isNotEmpty property="DT_SEARCH">
    and (e.class_name like CONCAT('%',CONCAT(#DT_SEARCH#,'%'))
     or upper(e.emp_no) like CONCAT('%',CONCAT(upper(#DT_SEARCH#),'%'))
     or e.course_name like CONCAT('%',CONCAT(#DT_SEARCH#,'%'))
     or e.username like CONCAT('%',CONCAT(#DT_SEARCH#,'%'))
   )
   </isNotEmpty>
   <isNotEmpty property="CONDITION">
    and upper(E.CREATE_USER) = upper(#CONDITION#)
   </isNotEmpty>
   </dynamic>

</sql>
<typeAlias alias="StudyRecord" type="com.foxconn.gds.sce.melp.model.StudyRecord"/>
<select   id="StudyRecord.findAllRecord" parameterClass="java.util.Map" resultClass="java.util.HashMap" >

SELECT E.CLASS_NO, E.CLASS_NAME, E.CREATE_USER, E.EMP_NO, 
    TO_CHAR (E.STUDY_START_TIME, 'yyyy/MM/dd HH24:mi:ss') STUDY_START_TIME,
       TO_CHAR (E.STUDY_END_TIME, 'yyyy/MM/dd HH24:mi:ss') STUDY_END_TIME,
       E.COURSE_NAME, E.STUDY_HOUR, E.COURSE_HOUR,
       E.USERNAME
  
<include refid="StudyRecord.listWithName_fragment"/>
<dynamic>
<!-- ORDER BY 語句內 取參數值，用$...$夾住 -->	
	   	<isNotEmpty property="DT_ORDER_COLUMN_SORT" >
		   	ORDER BY  $DT_ORDER_COLUMN_SORT$ 
	   	</isNotEmpty>	
</dynamic>
</select>



<select id="StudyRecord.findAllRecord_count" parameterClass="java.util.Map" resultClass="java.lang.Integer">
	 SELECT COUNT(*) AS COUNT
	<include refid="StudyRecord.listWithName_fragment" />
</select>


<select id="StudyRecord.findAllRecord_export" parameterClass="java.util.Map" resultClass="java.util.HashMap">
SELECT E.CLASS_NO, E.CLASS_NAME, E.CREATE_USER, E.EMP_NO, 
      TO_CHAR (E.STUDY_START_TIME, 'yyyy/MM/dd HH24:mi') STUDY_START_TIME,
       TO_CHAR (E.STUDY_END_TIME, 'yyyy/MM/dd HH24:mi') STUDY_END_TIME, E.COURSE_NAME, E.STUDY_HOUR, E.COURSE_HOUR,
       E.USERNAME
FROM (SELECT A.CLASS_NO, A.CLASS_NAME, A.CREATE_USER, B.EMP_NO,
               C.START_TIME STUDY_START_TIME, C.END_TIME STUDY_END_TIME,
               D.COURSE_NAME,
               CEIL ((C.END_TIME - C.START_TIME) * 24 * 60) STUDY_HOUR,
               D.COURSE_HOUR, F.USERNAME
          FROM C_CLASS_T A LEFT JOIN C_CLASS_MEMBER_T B
               ON A.ID = B.CLASS_ID AND B.IS_ENABLE = '1'
               LEFT JOIN C_LEARNING_INFO_T C
               ON upper(C.EMP_NO) = upper(B.EMP_NO)
             AND C.IS_ENABLE = '1'
             AND C.CLASS_ID = A.ID
               LEFT JOIN C_COURSE_INFO_T D
             <!--   ON A.COURSE_ID = D.ID AND D.IS_ENABLE = '1' modified by lyl-->
             ON A.COURSE_ID = D.ID
               LEFT JOIN MELP_USER F ON upper(B.EMP_NO) = upper(F.USER_ID)
                                        AND F.ENABLE = '1'
         WHERE A.IS_ENABLE = '1'
           AND B.EMP_NO IS NOT NULL
           AND C.EMP_NO IS NOT NULL) E
     where 1=1
 <dynamic>
   <isNotEmpty property="DT_SEARCH">
    and (e.class_name like CONCAT('%',CONCAT(#DT_SEARCH#,'%'))
     or upper(e.emp_no) like CONCAT('%',CONCAT(upper(#DT_SEARCH#),'%'))
     or e.course_name like CONCAT('%',CONCAT(#DT_SEARCH#,'%'))
     or e.username like CONCAT('%',CONCAT(#DT_SEARCH#,'%'))
   )
   </isNotEmpty>
   <isNotEmpty property="CONDITION">
    and upper(E.CREATE_USER) = upper(#CONDITION#)
   </isNotEmpty>
   </dynamic>
</select>


</sqlMap>