<?xml version="1.0" encoding="UTF-8"?>
<!DOCTYPE sqlMap PUBLIC "-//ibatis.apache.org//DTD SQL Map 2.0//EN" "http://ibatis.apache.org/dtd/sql-map-2.dtd">
<sqlMap namespace="C_TEACHER_T">
<!-- WHERE BY 語句內 取參數值，用#...#獲住 --> 
<sql id="Teacher.listWithName_fragment">
FROM (SELECT B.CODE_NAME AS TEACHER_TYPE_NAME,
               C.CODE_NAME AS TEACHER_LEVEL_NAME,A.ID, A.EMP_NO, A.EMP_NAME,
               A.PHONE_NO, A.TEL_NO, A.E_MAIL, A.DEPT_NAME, A.CREATE_USER
          FROM C_TEACHER_T A LEFT JOIN C_BASE_CODE_T B ON A.TEACHER_TYPE =
                                                                          B.ID
               LEFT JOIN C_BASE_CODE_T C ON A.TEACHER_LEVEL = C.ID
         WHERE A.IS_ENABLE = '1') D
	     where 1=1
  	<dynamic>
  		<isNotEmpty property="DT_SEARCH">
  		AND (TEACHER_TYPE_NAME LIKE CONCAT('%',CONCAT(#DT_SEARCH#,'%'))
  		 or TEACHER_LEVEL_NAME like CONCAT('%',CONCAT(#DT_SEARCH#,'%'))
  		 or EMP_NO LIKE CONCAT('%',CONCAT(#DT_SEARCH#,'%'))
  		 or EMP_NAME LIKE CONCAT('%',CONCAT(#DT_SEARCH#,'%'))
  		)
	   	</isNotEmpty>
	   <isNotEmpty property="CONDITION">
	   	and UPPER(CREATE_USER)=UPPER(#CONDITION#)
	   	</isNotEmpty>
	   	
	</dynamic>	    
  </sql>  



<typeAlias alias="Teacher" type="com.foxconn.gds.sce.melp.model.Teacher"/>
 <typeAlias alias="BaseCode" type="com.foxconn.gds.sce.melp.model.BaseCode"/>
<select   id="Teacher.findAllTeacher" parameterClass="java.util.Map" resultClass="java.util.HashMap" >
SELECT TEACHER_TYPE_NAME, TEACHER_LEVEL_NAME,D.ID, D.EMP_NO, D.EMP_NAME,
       D.PHONE_NO, D.TEL_NO, D.E_MAIL, D.DEPT_NAME, D.CREATE_USER
  
  
<include refid="Teacher.listWithName_fragment"/>
<dynamic>
<!-- ORDER BY 語句內 取參數值，用$...$夾住 -->	
	   	<isNotEmpty property="DT_ORDER_COLUMN_SORT" >
		   	ORDER BY  $DT_ORDER_COLUMN_SORT$ 
	   	</isNotEmpty>	
	</dynamic>
</select>

<select id="Teacher.findAllTeacher_count" parameterClass="java.util.Map" resultClass="java.lang.Integer">
	 SELECT COUNT(*) AS COUNT
	<include refid="Teacher.listWithName_fragment" />
  </select> 
  
  

  
  
<!--   判断讲师是否存在  --> 
  <select id="Teacher.isTeacherExist" parameterClass="Teacher" resultClass="java.lang.Integer">
	 SELECT COUNT (ID)
           FROM C_TEACHER_T
 WHERE IS_ENABLE = '1' 
 <isNotEmpty prepend="and" property="CREATE_USER"  >
 CREATE_USER =#CREATE_USER#
 </isNotEmpty>
 <isNotEmpty prepend="and" property="EMP_NAME"  >
 EMP_NAME =trim(#EMP_NAME#) 
 </isNotEmpty>
 
 <isEqual prepend="and" property="TEACHER_TYPE" compareValue="4">
 TEACHER_TYPE=#TEACHER_TYPE#
 </isEqual>
 
 <isNotEmpty prepend="and" property="EMP_NO"  >
  	   upper(emp_no)= upper(#EMP_NO#)
  	</isNotEmpty>
 <isNotEmpty prepend="and" property="id"  >
  	ID NOT IN (upper(#ID#)) 
  	</isNotEmpty> 	
  </select> 
  
  
<!--   查询讲师类别BaseCode -->
  <select id="Teacher.selTeacherType"  resultClass="BaseCode">
  select id as id ,code_name as codeName  from 
    c_base_code_t
    where code_type='teacher_type'
      and is_enable='1'
  </select>
  
<!--   查询讲师级别BaseCode -->
  <select id="Teacher.selTeacherLevel"  resultClass="BaseCode">
  SELECT ID as id, CODE_NAME codeName
  FROM C_BASE_CODE_T
 WHERE CODE_TYPE = 'teacher_level' AND IS_ENABLE = '1'
  </select>  
 
 
 <!--   新增講師 -->
  <insert parameterClass="Teacher"  id="Teacher.addTeacher" >
  insert into c_teacher_t
(id,TEACHER_TYPE,TEACHER_LEVEL,EMP_NO,EMP_NAME,DEPT_NAME,PHONE_NO,TEL_NO,E_MAIL,INTRODUCTION,CREATE_DATE,CREATE_USER,IS_ENABLE)
values(#id#,#TEACHER_TYPE#,#TEACHER_LEVEL#,#EMP_NO#,#EMP_NAME#,#DEPT_NAME#,#PHONE_NO#,#TEL_NO#,#E_MAIL#,#INTRODUCTION#,sysdate,#CREATE_USER#,'1')
   </insert>  
   
  <!-- 根據id查詢講師信息 -->
  <select id="Teacher.selTeacherByID"  resultClass="Teacher" parameterClass="Teacher">
  SELECT ID, TEACHER_TYPE, TEACHER_LEVEL, EMP_NO, EMP_NAME, PHONE_NO, TEL_NO,DEPT_NAME,
       B.CODE_NAME TEACHER_TYPE_NAME, C.CODE_NAME AS TEACHER_LEVEL_NAME,
       E_MAIL, INTRODUCTION
  FROM C_TEACHER_T A LEFT JOIN C_BASE_CODE_T B ON A.TEACHER_TYPE = B.ID
       LEFT JOIN C_BASE_CODE_T C ON A.TEACHER_LEVEL = C.ID
 WHERE TRIM (A.ID) = TRIM (#id#)
  </select>
  
  
  <!-- 更新講師 -->
  <update  id="Teacher.updateTeacher"  parameterClass="Teacher">
     UPDATE C_TEACHER_T
            SET 
            	TEACHER_TYPE = #TEACHER_TYPE#,
       			TEACHER_LEVEL = #TEACHER_LEVEL#,
      		    EMP_NO = #EMP_NO#,
       			EMP_NAME = #EMP_NAME#,
       			DEPT_NAME=#DEPT_NAME#,
      		    PHONE_NO = #PHONE_NO#,
                TEL_NO = #TEL_NO#,
                E_MAIL = #E_MAIL#,
                INTRODUCTION = #INTRODUCTION#,
                MODIFY_DATE = SYSDATE,
                MODIFY_USER = #MODIFY_USER#
   WHERE ID = #id#
  </update>
  
  
 <!--  刪除講師 -->
  <update  id="Teacher.delTeacher"  parameterClass="java.lang.String">
  UPDATE C_TEACHER_T
   SET IS_ENABLE = '0'
  WHERE ID = #id#
  </update>
  
</sqlMap>



