<?xml version="1.0" encoding="UTF-8"?>
<!DOCTYPE sqlMap PUBLIC "-//ibatis.apache.org//DTD SQL Map 2.0//EN" "http://ibatis.apache.org/dtd/sql-map-2.dtd">
<sqlMap namespace="User">

	<!-- WHERE BY 語句內 取參數值，用#...#獲住 -->
	<sql id="User.listWithRole_fragment">
		FROM MELP_USER A, MELP_ROLE B, MELP_USER_ROLE_MAPS C
		WHERE A.ID =
		C.USER_ID
		AND B.ID = C.ROLE_ID
		AND A.DELETED = 0
		<dynamic>
			<isNotEmpty property="DT_RoomID">
				AND NOT EXISTS
				(
				SELECT * FROM (
				SELECT
				* FROM R_EXAMINEES_T WHERE IS_ENABLE='1'
				) D
				WHERE
				D.EXAM_ROOM_ID=#DT_RoomID# AND D.EMP_NO=A.USER_ID
				)
			</isNotEmpty>
			<isNotEmpty property="DT_classId">
				AND NOT EXISTS
				(
				SELECT *
				FROM
				c_class_member_t d
				WHERE d.class_id = #DT_classId# AND d.emp_no =
				a.user_id
				AND d.is_enable = '1'
				)
			</isNotEmpty>
			<isNotEmpty property="DT_SEARCH">
				AND ( A.USER_ID LIKE CONCAT('%',
				CONCAT(#DT_SEARCH#, '%'))
				OR A.USERNAME LIKE CONCAT('%',
				CONCAT(#DT_SEARCH#, '%'))
				OR A.DEPT_NAME LIKE CONCAT('%',
				CONCAT(#DT_SEARCH#, '%'))
				OR B.NAME LIKE CONCAT('%',
				CONCAT(#DT_SEARCH#, '%'))
				)
			</isNotEmpty>

		</dynamic>
	</sql>
	<select id="User.listWithRole" parameterClass="java.util.Map"
		resultClass="java.util.HashMap">
		SELECT (A.ID || '_' || B.ID) AS ID_,
		A.USER_ID AS USER_ID,
		A.USERNAME AS
		USER_NAME,
		A.DEPT_NAME AS DEPT_NAME,
		B.NAME AS ROLE_NAME
		,(A.ID || '_' ||
		B.ID) AS OPID_
		<include refid="User.listWithRole_fragment" />
		<dynamic>
			<!-- ORDER BY 語句內 取參數值，用$...$夾住 -->
			<isNotEmpty property="DT_ORDER_COLUMN_SORT">
				ORDER BY $DT_ORDER_COLUMN_SORT$
			</isNotEmpty>
		</dynamic>
	</select>
	<select id="User.listWithRole_count" parameterClass="java.util.Map"
		resultClass="java.lang.Integer">
		SELECT COUNT(*) AS COUNT
		<include refid="User.listWithRole_fragment" />
	</select>


	<update id="User.insertWithDept" parameterClass="java.util.Map">
		MERGE INTO
		melp_user a
		USING (SELECT #USER_ID# userid, #USERNAME# username,
		#PASSWORD#
		password,#DEPT_NAME# department
		FROM DUAL) b
		ON
		(upper(a.user_id) = upper(b.userid))
		WHEN MATCHED THEN
		UPDATE
		SET
		a.username = b.username, a.PASSWORD = b.password, a.dept_name
		=b.department,
		a.active = '1', a.deleted = '0', a.ENABLE = '1',
		a.expired = '0',
		a.LOCKED = '0', a.entity_version = '1',
		a.entity_creation_timestamp = SYSDATE
		WHEN NOT MATCHED THEN
		INSERT
		(a.ID, a.user_id, a.username, a.PASSWORD, a.dept_name, a.active,
		a.deleted,
		a.ENABLE, a.expired, a.LOCKED, a.entity_version,
		a.entity_creation_timestamp)
		VALUES (SYS_GUID (), b.userid, b.username,
		b.password, b.department, 1, 0,
		1,
		0, 0, 1, SYSDATE)
	</update>
	<!-- <parameterMap id="insertWithDept" class="java.util.Map"> <parameter 
		property="USER_ID" mode="IN"></parameter> <parameter property="USERNAME" 
		mode="IN"></parameter> <parameter property="PASSWORD" mode="IN"></parameter> 
		<parameter property="DEPT_NAME" mode="IN"></parameter> </parameterMap> <procedure 
		id="User.insertWithDept" parameterMap="insertWithDept"> { call myexam_pk.insertwithdept(?, 
		?, ?,?) } </procedure> <parameterMap id="insertWithRole" class="java.util.Map"> 
		<parameter property="USER_ID" mode="IN"></parameter> <parameter property="ROLE_NAME" 
		mode="IN"></parameter> </parameterMap> <procedure id="User.insertWithRole" 
		parameterMap="insertWithRole"> { call myexam_pk.insertwithrole(?, ?) } </procedure> -->

	<update id="User.insertWithRole" parameterClass="java.util.Map">
		MERGE INTO
		melp_user_role_maps a
		USING (SELECT d.ID AS user_id, b.ID AS role_id
		FROM melp_user d, melp_role b
		WHERE d.user_id = #USER_ID#
		AND b.NAME =
		#ROLE_NAME#
		AND b.deleted = '0'
		AND d.deleted = '0'
		AND d.ENABLE = '1'
		AND d.active = '1'
		AND d.expired = '0'
		AND d.LOCKED = '0'
		AND ROWNUM = 1)
		c
		ON (a.user_id=c.user_id AND a.role_id=c.role_id)
		WHEN NOT MATCHED THEN
		INSERT (a.user_id, a.role_id)
		VALUES (c.user_id, c.role_id)
	</update>

	<update id="User.resetPwd" parameterClass="java.util.Map">
		UPDATE MELP_USER SET
		PASSWORD = #PASSWORD# WHERE ID = #ID#
	</update>

	<update id="User.markDeleted" parameterClass="java.lang.String">
		UPDATE MELP_USER
		SET DELETED = 1 WHERE ID = #ID#
	</update>

	<update id="User.updateWithDept" parameterClass="java.util.Map">
		UPDATE MELP_USER
		SET USERNAME = #USERNAME#
		,DEPT_NAME = #DEPT_NAME#
		,PASSWORD =
		#PASSWORD#
		WHERE ID=#ID#
	</update>

	<update id="User.updateWithRole" parameterClass="java.util.Map">
		UPDATE
		MELP_USER_ROLE_MAPS
		SET ROLE_ID = (SELECT R.ID AS ROLE_ID FROM
		MELP_ROLE R WHERE R.NAME =
		#ROLE_NAME#)
		WHERE USER_ID = #ID#
	</update>

  <select id="User.isUserExist" parameterClass="java.lang.String"  resultClass="java.lang.Integer">
	SELECT COUNT (*)
  FROM MELP_USER
 WHERE UPPER (USER_ID) = UPPER (#userid#) AND DELETED = 0
  </select>
  
</sqlMap>